"Step","MTL[t=17]-YOLO11x-DOTAv1 - metrics/mAP50(B)","MTL[t=17]-YOLO11x-DOTAv1 - metrics/mAP50(B)__MIN","MTL[t=17]-YOLO11x-DOTAv1 - metrics/mAP50(B)__MAX","MTL[T=24]-YOLO11x-DOTAv1 - metrics/mAP50(B)","MTL[T=24]-YOLO11x-DOTAv1 - metrics/mAP50(B)__MIN","MTL[T=24]-YOLO11x-DOTAv1 - metrics/mAP50(B)__MAX","MLConv[R=100]-YOLO11x-DOTAv1 - metrics/mAP50(B)","MLConv[R=100]-YOLO11x-DOTAv1 - metrics/mAP50(B)__MIN","MLConv[R=100]-YOLO11x-DOTAv1 - metrics/mAP50(B)__MAX","MLConv[R=50]-YOLO11x-DOTAv1 - metrics/mAP50(B)","MLConv[R=50]-YOLO11x-DOTAv1 - metrics/mAP50(B)__MIN","MLConv[R=50]-YOLO11x-DOTAv1 - metrics/mAP50(B)__MAX","MTL[t=23]-YOLO11x-DOTAv1 - metrics/mAP50(B)","MTL[t=23]-YOLO11x-DOTAv1 - metrics/mAP50(B)__MIN","MTL[t=23]-YOLO11x-DOTAv1 - metrics/mAP50(B)__MAX","MLConv[R=150]-YOLO11x-DOTAv1 - metrics/mAP50(B)","MLConv[R=150]-YOLO11x-DOTAv1 - metrics/mAP50(B)__MIN","MLConv[R=150]-YOLO11x-DOTAv1 - metrics/mAP50(B)__MAX","MLConv[R=1]-YOLO11x-DOTAv1 - metrics/mAP50(B)","MLConv[R=1]-YOLO11x-DOTAv1 - metrics/mAP50(B)__MIN","MLConv[R=1]-YOLO11x-DOTAv1 - metrics/mAP50(B)__MAX","MTL[t=30]-YOLO11x-DOTAv1 - metrics/mAP50(B)","MTL[t=30]-YOLO11x-DOTAv1 - metrics/mAP50(B)__MIN","MTL[t=30]-YOLO11x-DOTAv1 - metrics/mAP50(B)__MAX","MTL[t=36]-YOLO11x-DOTAv1 - metrics/mAP50(B)","MTL[t=36]-YOLO11x-DOTAv1 - metrics/mAP50(B)__MIN","MTL[t=36]-YOLO11x-DOTAv1 - metrics/mAP50(B)__MAX","MTL[t=16]-YOLO11x-DOTAv1 - metrics/mAP50(B)","MTL[t=16]-YOLO11x-DOTAv1 - metrics/mAP50(B)__MIN","MTL[t=16]-YOLO11x-DOTAv1 - metrics/mAP50(B)__MAX"
"1","0","0","0","0","0","0","0","0","0","0","0","0","0","0","0","0","0","0","0","0","0","0","0","0","0","0","0","0","0","0"
"2","0.00048","0.00048","0.00048","0.00808","0.00808","0.00808","0","0","0","0","0","0","0","0","0","0","0","0","0","0","0","0.00006","0.00006","0.00006","0.00002","0.00002","0.00002","0.00303","0.00303","0.00303"
"3","0.04232","0.04232","0.04232","0.02654","0.02654","0.02654","0.01125","0.01125","0.01125","0.05029","0.05029","0.05029","0.07857","0.07857","0.07857","0.02432","0.02432","0.02432","0.00233","0.00233","0.00233","0.00042","0.00042","0.00042","0.00007","0.00007","0.00007","0.03828","0.03828","0.03828"
"4","0.04984","0.04984","0.04984","0.08585","0.08585","0.08585","0.02719","0.02719","0.02719","0.01534","0.01534","0.01534","0.09082","0.09082","0.09082","0.02351","0.02351","0.02351","0.01177","0.01177","0.01177","0.00024","0.00024","0.00024","0.00019","0.00019","0.00019","0.11105","0.11105","0.11105"
"5","0.11533","0.11533","0.11533","0.09135","0.09135","0.09135","0","0","0","0.04775","0.04775","0.04775","0.11644","0.11644","0.11644","0.02556","0.02556","0.02556","0.02408","0.02408","0.02408","0","0","0","0.00014","0.00014","0.00014","0.08976","0.08976","0.08976"
"6","0.13618","0.13618","0.13618","0.11981","0.11981","0.11981","0.05836","0.05836","0.05836","0.0632","0.0632","0.0632","0.11519","0.11519","0.11519","0.06372","0.06372","0.06372","0.02235","0.02235","0.02235","0.00028","0.00028","0.00028","0.00121","0.00121","0.00121","0.11919","0.11919","0.11919"
"7","0.13139","0.13139","0.13139","0.14667","0.14667","0.14667","0.0896","0.0896","0.0896","0.07714","0.07714","0.07714","0.18362","0.18362","0.18362","0.08274","0.08274","0.08274","0.00218","0.00218","0.00218","0","0","0","0","0","0","0.13537","0.13537","0.13537"
"8","0.16024","0.16024","0.16024","0.16839","0.16839","0.16839","0.08249","0.08249","0.08249","0.05023","0.05023","0.05023","0.19968","0.19968","0.19968","0.10597","0.10597","0.10597","0.00372","0.00372","0.00372","0.00073","0.00073","0.00073","0.00074","0.00074","0.00074","0.19767","0.19767","0.19767"
"9","0.23655","0.23655","0.23655","0.19748","0.19748","0.19748","0.13242","0.13242","0.13242","0.09924","0.09924","0.09924","0.21077","0.21077","0.21077","0.11502","0.11502","0.11502","0.01327","0.01327","0.01327","0.00122","0.00122","0.00122","0.00158","0.00158","0.00158","0.17996","0.17996","0.17996"
"10","0.19546","0.19546","0.19546","0.25077","0.25077","0.25077","0.16094","0.16094","0.16094","0.08803","0.08803","0.08803","0.19095","0.19095","0.19095","0.16524","0.16524","0.16524","0","0","0","0.00077","0.00077","0.00077","0.00045","0.00045","0.00045","0.22543","0.22543","0.22543"
"11","0.30144","0.30144","0.30144","0.27433","0.27433","0.27433","0.12104","0.12104","0.12104","0.10421","0.10421","0.10421","0.27244","0.27244","0.27244","0.10811","0.10811","0.10811","0.02341","0.02341","0.02341","0","0","0","0.00247","0.00247","0.00247","0.26212","0.26212","0.26212"
"12","0.30378","0.30378","0.30378","0.25286","0.25286","0.25286","0.20135","0.20135","0.20135","0.13292","0.13292","0.13292","0.2282","0.2282","0.2282","0.13959","0.13959","0.13959","0","0","0","0","0","0","0.00045","0.00045","0.00045","0.27969","0.27969","0.27969"
"13","0.28475","0.28475","0.28475","0.24668","0.24668","0.24668","0.13246","0.13246","0.13246","0.15658","0.15658","0.15658","0.30308","0.30308","0.30308","0.21026","0.21026","0.21026","0.03334","0.03334","0.03334","0.00146","0.00146","0.00146","0.00115","0.00115","0.00115","0.31175","0.31175","0.31175"
"14","0.3147","0.3147","0.3147","0.28303","0.28303","0.28303","0.25466","0.25466","0.25466","0.24433","0.24433","0.24433","0.28474","0.28474","0.28474","0.16025","0.16025","0.16025","0.01907","0.01907","0.01907","0","0","0","0.00541","0.00541","0.00541","0.29278","0.29278","0.29278"
"15","0.29278","0.29278","0.29278","0.29719","0.29719","0.29719","0.20602","0.20602","0.20602","0.14381","0.14381","0.14381","0.30439","0.30439","0.30439","0.20197","0.20197","0.20197","0","0","0","0.00712","0.00712","0.00712","0.00309","0.00309","0.00309","0.30124","0.30124","0.30124"
"16","0.29715","0.29715","0.29715","0.2271","0.2271","0.2271","0.23922","0.23922","0.23922","0.19628","0.19628","0.19628","0.32368","0.32368","0.32368","0.17927","0.17927","0.17927","0","0","0","0.00111","0.00111","0.00111","0","0","0","0.26291","0.26291","0.26291"
"17","0.33369","0.33369","0.33369","0.25148","0.25148","0.25148","0.21264","0.21264","0.21264","0.21906","0.21906","0.21906","0.27917","0.27917","0.27917","0.21087","0.21087","0.21087","0","0","0","0","0","0","0.00311","0.00311","0.00311","0.28992","0.28992","0.28992"
"18","0.36473","0.36473","0.36473","0.37527","0.37527","0.37527","0.28074","0.28074","0.28074","0.22118","0.22118","0.22118","0.36348","0.36348","0.36348","0.2404","0.2404","0.2404","0","0","0","0","0","0","0","0","0","0.34478","0.34478","0.34478"
"19","0.28275","0.28275","0.28275","0.29704","0.29704","0.29704","0.23669","0.23669","0.23669","0.23044","0.23044","0.23044","0.34828","0.34828","0.34828","0.20774","0.20774","0.20774","0.03335","0.03335","0.03335","0.01113","0.01113","0.01113","0.0352","0.0352","0.0352","0.31807","0.31807","0.31807"
"20","0.36392","0.36392","0.36392","0.31702","0.31702","0.31702","0.24521","0.24521","0.24521","0.26223","0.26223","0.26223","0.37729","0.37729","0.37729","0.28875","0.28875","0.28875","0","0","0","0","0","0","0.01117","0.01117","0.01117","0.34011","0.34011","0.34011"
"21","0.32729","0.32729","0.32729","0.26676","0.26676","0.26676","0.25097","0.25097","0.25097","0.22717","0.22717","0.22717","0.34648","0.34648","0.34648","0.33224","0.33224","0.33224","0.02226","0.02226","0.02226","0.0134","0.0134","0.0134","0","0","0","0.31589","0.31589","0.31589"
"22","0.35686","0.35686","0.35686","0.33899","0.33899","0.33899","0.25725","0.25725","0.25725","0.2324","0.2324","0.2324","0.35647","0.35647","0.35647","0.2685","0.2685","0.2685","0","0","0","0","0","0","0","0","0","0.35727","0.35727","0.35727"
"23","0.3743","0.3743","0.3743","0.38746","0.38746","0.38746","0.32797","0.32797","0.32797","0.22735","0.22735","0.22735","0.3525","0.3525","0.3525","0.25641","0.25641","0.25641","0","0","0","0","0","0","0","0","0","0.33523","0.33523","0.33523"
"24","0.33147","0.33147","0.33147","0.35652","0.35652","0.35652","0.29149","0.29149","0.29149","0.28963","0.28963","0.28963","0.31798","0.31798","0.31798","0.27358","0.27358","0.27358","0","0","0","0","0","0","0","0","0","0.37525","0.37525","0.37525"
"25","0.30249","0.30249","0.30249","0.35009","0.35009","0.35009","0.35011","0.35011","0.35011","0.24632","0.24632","0.24632","0.34368","0.34368","0.34368","0.31802","0.31802","0.31802","0.02239","0.02239","0.02239","0","0","0","0","0","0","0.36724","0.36724","0.36724"
"26","0.37823","0.37823","0.37823","0.3507","0.3507","0.3507","0.29699","0.29699","0.29699","0.2847","0.2847","0.2847","0.39287","0.39287","0.39287","0.33623","0.33623","0.33623","0","0","0","0","0","0","0","0","0","0.3921","0.3921","0.3921"
"27","0.39954","0.39954","0.39954","0.32488","0.32488","0.32488","0.34379","0.34379","0.34379","0.26859","0.26859","0.26859","0.35942","0.35942","0.35942","0.3611","0.3611","0.3611","0.01674","0.01674","0.01674","0","0","0","0","0","0","0.35976","0.35976","0.35976"
"28","0.37215","0.37215","0.37215","0.32494","0.32494","0.32494","0.32484","0.32484","0.32484","0.28708","0.28708","0.28708","0.35892","0.35892","0.35892","0.33527","0.33527","0.33527","0","0","0","0","0","0","0","0","0","0.32708","0.32708","0.32708"
"29","0.39601","0.39601","0.39601","0.37499","0.37499","0.37499","0.31382","0.31382","0.31382","0.26251","0.26251","0.26251","0.35568","0.35568","0.35568","0.32337","0.32337","0.32337","0","0","0","0","0","0","0","0","0","0.38723","0.38723","0.38723"
"30","0.3908","0.3908","0.3908","0.37122","0.37122","0.37122","0.32445","0.32445","0.32445","0.29041","0.29041","0.29041","0.4014","0.4014","0.4014","0.33226","0.33226","0.33226","0","0","0","0","0","0","0","0","0","0.39272","0.39272","0.39272"
"31","0.38756","0.38756","0.38756","0.37861","0.37861","0.37861","0.36067","0.36067","0.36067","0.27412","0.27412","0.27412","0.38686","0.38686","0.38686","0.41752","0.41752","0.41752","0","0","0","0","0","0","0","0","0","0.34831","0.34831","0.34831"
"32","0.36434","0.36434","0.36434","0.33486","0.33486","0.33486","0.25174","0.25174","0.25174","0.29226","0.29226","0.29226","0.3943","0.3943","0.3943","0.37446","0.37446","0.37446","0","0","0","0","0","0","0","0","0","0.38807","0.38807","0.38807"
"33","0.3879","0.3879","0.3879","0.35088","0.35088","0.35088","0.28003","0.28003","0.28003","0.26123","0.26123","0.26123","0.38765","0.38765","0.38765","0.32872","0.32872","0.32872","0.01117","0.01117","0.01117","0","0","0","0","0","0","0.39491","0.39491","0.39491"
"34","0.39205","0.39205","0.39205","0.3811","0.3811","0.3811","0.3282","0.3282","0.3282","0.33468","0.33468","0.33468","0.39376","0.39376","0.39376","0.34522","0.34522","0.34522","0","0","0","0","0","0","0","0","0","0.37663","0.37663","0.37663"
"35","0.38107","0.38107","0.38107","0.32286","0.32286","0.32286","0.36871","0.36871","0.36871","0.32912","0.32912","0.32912","0.34676","0.34676","0.34676","0.36237","0.36237","0.36237","0.00953","0.00953","0.00953","0","0","0","0","0","0","0.39317","0.39317","0.39317"
"36","0.43161","0.43161","0.43161","0.36407","0.36407","0.36407","0.36642","0.36642","0.36642","0.32543","0.32543","0.32543","0.39084","0.39084","0.39084","0.40206","0.40206","0.40206","0.03346","0.03346","0.03346","0","0","0","0","0","0","0.40688","0.40688","0.40688"
"37","0.369","0.369","0.369","0.36421","0.36421","0.36421","0.36165","0.36165","0.36165","0.29001","0.29001","0.29001","0.33951","0.33951","0.33951","0.34697","0.34697","0.34697","0.03338","0.03338","0.03338","0","0","0","0","0","0","0.35154","0.35154","0.35154"
"38","0.43323","0.43323","0.43323","0.40534","0.40534","0.40534","0.3796","0.3796","0.3796","0.36257","0.36257","0.36257","0.43514","0.43514","0.43514","0.35821","0.35821","0.35821","0","0","0","0","0","0","0","0","0","0.39829","0.39829","0.39829"
"39","0.43014","0.43014","0.43014","0.36771","0.36771","0.36771","0.36605","0.36605","0.36605","0.32756","0.32756","0.32756","0.42555","0.42555","0.42555","0.34116","0.34116","0.34116","0.03342","0.03342","0.03342","0","0","0","0","0","0","0.36561","0.36561","0.36561"
"40","0.41998","0.41998","0.41998","0.39974","0.39974","0.39974","0.38828","0.38828","0.38828","0.29403","0.29403","0.29403","0.39428","0.39428","0.39428","0.29733","0.29733","0.29733","0.0336","0.0336","0.0336","0","0","0","0","0","0","0.40845","0.40845","0.40845"
"41","0.43645","0.43645","0.43645","0.39472","0.39472","0.39472","0.34335","0.34335","0.34335","0.31822","0.31822","0.31822","0.41119","0.41119","0.41119","0.32909","0.32909","0.32909","0.03351","0.03351","0.03351","0","0","0","0","0","0","0.39849","0.39849","0.39849"
"42","0.39346","0.39346","0.39346","0.40134","0.40134","0.40134","0.37522","0.37522","0.37522","0.33247","0.33247","0.33247","0.39894","0.39894","0.39894","0.39026","0.39026","0.39026","0.03342","0.03342","0.03342","0","0","0","0","0","0","0.39884","0.39884","0.39884"
"43","0.39866","0.39866","0.39866","0.40752","0.40752","0.40752","0.34721","0.34721","0.34721","0.35342","0.35342","0.35342","0.39924","0.39924","0.39924","0.37348","0.37348","0.37348","0.02251","0.02251","0.02251","0","0","0","0","0","0","0.40568","0.40568","0.40568"
"44","0.41565","0.41565","0.41565","0.3758","0.3758","0.3758","0.40531","0.40531","0.40531","0.39896","0.39896","0.39896","0.41214","0.41214","0.41214","0.39971","0.39971","0.39971","0.03338","0.03338","0.03338","0","0","0","0","0","0","0.40873","0.40873","0.40873"
"45","0.3965","0.3965","0.3965","0.43041","0.43041","0.43041","0.40221","0.40221","0.40221","0.33329","0.33329","0.33329","0.40209","0.40209","0.40209","0.33379","0.33379","0.33379","0.03355","0.03355","0.03355","0","0","0","0","0","0","0.43701","0.43701","0.43701"
"46","0.41043","0.41043","0.41043","0.39493","0.39493","0.39493","0.38637","0.38637","0.38637","0.3474","0.3474","0.3474","0.40608","0.40608","0.40608","0.36058","0.36058","0.36058","0.06021","0.06021","0.06021","0","0","0","0","0","0","0.40651","0.40651","0.40651"
"47","0.40307","0.40307","0.40307","0.40834","0.40834","0.40834","0.37653","0.37653","0.37653","0.34464","0.34464","0.34464","0.40294","0.40294","0.40294","0.3783","0.3783","0.3783","0.02528","0.02528","0.02528","0","0","0","0","0","0","0.40712","0.40712","0.40712"
"48","0.41986","0.41986","0.41986","0.40778","0.40778","0.40778","0.39575","0.39575","0.39575","0.39369","0.39369","0.39369","0.40613","0.40613","0.40613","0.39731","0.39731","0.39731","0.03102","0.03102","0.03102","0","0","0","0","0","0","0.46684","0.46684","0.46684"
"49","0.44789","0.44789","0.44789","0.42568","0.42568","0.42568","0.38464","0.38464","0.38464","0.36845","0.36845","0.36845","0.43367","0.43367","0.43367","0.41061","0.41061","0.41061","0.03045","0.03045","0.03045","0.00239","0.00239","0.00239","0","0","0","0.4152","0.4152","0.4152"
"50","0.44251","0.44251","0.44251","0.44348","0.44348","0.44348","0.37563","0.37563","0.37563","0.2987","0.2987","0.2987","0.41229","0.41229","0.41229","0.37707","0.37707","0.37707","0.03373","0.03373","0.03373","0","0","0","0","0","0","0.4219","0.4219","0.4219"
"51","0.44995","0.44995","0.44995","0.38719","0.38719","0.38719","0.38952","0.38952","0.38952","0.28489","0.28489","0.28489","0.40458","0.40458","0.40458","0.37352","0.37352","0.37352","0.03133","0.03133","0.03133","0","0","0","0","0","0","0.46749","0.46749","0.46749"
"52","0.45403","0.45403","0.45403","0.41057","0.41057","0.41057","0.39646","0.39646","0.39646","0.36268","0.36268","0.36268","0.4321","0.4321","0.4321","0.36845","0.36845","0.36845","0.04185","0.04185","0.04185","0","0","0","0","0","0","0.39877","0.39877","0.39877"
"53","0.46348","0.46348","0.46348","0.4185","0.4185","0.4185","0.38455","0.38455","0.38455","0.39014","0.39014","0.39014","0.45358","0.45358","0.45358","0.41798","0.41798","0.41798","0.03351","0.03351","0.03351","0","0","0","0","0","0","0.44203","0.44203","0.44203"
"54","0.49814","0.49814","0.49814","0.44148","0.44148","0.44148","0.38405","0.38405","0.38405","0.37091","0.37091","0.37091","0.45608","0.45608","0.45608","0.40955","0.40955","0.40955","0.03251","0.03251","0.03251","0.03342","0.03342","0.03342","0","0","0","0.42869","0.42869","0.42869"
"55","0.48157","0.48157","0.48157","0.42162","0.42162","0.42162","0.42657","0.42657","0.42657","0.39046","0.39046","0.39046","0.4449","0.4449","0.4449","0.42919","0.42919","0.42919","0.06489","0.06489","0.06489","0.06673","0.06673","0.06673","0.01695","0.01695","0.01695","0.45414","0.45414","0.45414"
"56","0.46852","0.46852","0.46852","0.44154","0.44154","0.44154","0.39048","0.39048","0.39048","0.3692","0.3692","0.3692","0.41008","0.41008","0.41008","0.33447","0.33447","0.33447","0.05863","0.05863","0.05863","0.03338","0.03338","0.03338","0","0","0","0.41125","0.41125","0.41125"
"57","0.4779","0.4779","0.4779","0.43863","0.43863","0.43863","0.41254","0.41254","0.41254","0.35061","0.35061","0.35061","0.44033","0.44033","0.44033","0.40254","0.40254","0.40254","0.05363","0.05363","0.05363","0.06677","0.06677","0.06677","0","0","0","0.50647","0.50647","0.50647"
"58","0.48547","0.48547","0.48547","0.45654","0.45654","0.45654","0.3951","0.3951","0.3951","0.39232","0.39232","0.39232","0.44656","0.44656","0.44656","0.39434","0.39434","0.39434","0.08947","0.08947","0.08947","0","0","0","0","0","0","0.4055","0.4055","0.4055"
"59","0.44869","0.44869","0.44869","0.41354","0.41354","0.41354","0.39052","0.39052","0.39052","0.39706","0.39706","0.39706","0.4558","0.4558","0.4558","0.40371","0.40371","0.40371","0.02717","0.02717","0.02717","0.03338","0.03338","0.03338","0","0","0","0.44635","0.44635","0.44635"
"60","0.43845","0.43845","0.43845","0.43844","0.43844","0.43844","0.39815","0.39815","0.39815","0.36274","0.36274","0.36274","0.41335","0.41335","0.41335","0.39218","0.39218","0.39218","0.06979","0.06979","0.06979","0.09357","0.09357","0.09357","0","0","0","0.45383","0.45383","0.45383"
"61","0.45135","0.45135","0.45135","0.40597","0.40597","0.40597","0.40238","0.40238","0.40238","0.4012","0.4012","0.4012","0.43463","0.43463","0.43463","0.39863","0.39863","0.39863","0.02687","0.02687","0.02687","0.10038","0.10038","0.10038","0","0","0","0.47873","0.47873","0.47873"
"62","0.46593","0.46593","0.46593","0.44396","0.44396","0.44396","0.38898","0.38898","0.38898","0.3747","0.3747","0.3747","0.4495","0.4495","0.4495","0.38898","0.38898","0.38898","0.06527","0.06527","0.06527","0.06725","0.06725","0.06725","0.03346","0.03346","0.03346","0.4681","0.4681","0.4681"
"63","0.47302","0.47302","0.47302","0.46509","0.46509","0.46509","0.394","0.394","0.394","0.42305","0.42305","0.42305","0.44926","0.44926","0.44926","0.41038","0.41038","0.41038","0.03102","0.03102","0.03102","0.0515","0.0515","0.0515","0.06407","0.06407","0.06407","0.4926","0.4926","0.4926"
"64","0.46013","0.46013","0.46013","0.42087","0.42087","0.42087","0.39845","0.39845","0.39845","0.35748","0.35748","0.35748","0.42205","0.42205","0.42205","0.40119","0.40119","0.40119","0.06218","0.06218","0.06218","0.09523","0.09523","0.09523","0.0644","0.0644","0.0644","0.44613","0.44613","0.44613"
"65","0.45359","0.45359","0.45359","0.45076","0.45076","0.45076","0.42019","0.42019","0.42019","0.38686","0.38686","0.38686","0.44958","0.44958","0.44958","0.40279","0.40279","0.40279","0.06571","0.06571","0.06571","0.12357","0.12357","0.12357","0.08793","0.08793","0.08793","0.43852","0.43852","0.43852"
"66","0.47852","0.47852","0.47852","0.51006","0.51006","0.51006","0.39753","0.39753","0.39753","0.4487","0.4487","0.4487","0.42146","0.42146","0.42146","0.39925","0.39925","0.39925","0.08996","0.08996","0.08996","0.09762","0.09762","0.09762","0.0954","0.0954","0.0954","0.49918","0.49918","0.49918"
"67","0.47685","0.47685","0.47685","0.42785","0.42785","0.42785","0.37557","0.37557","0.37557","0.41023","0.41023","0.41023","0.4421","0.4421","0.4421","0.40796","0.40796","0.40796","0.06142","0.06142","0.06142","0.11785","0.11785","0.11785","0.09823","0.09823","0.09823","0.4582","0.4582","0.4582"
"68","0.45506","0.45506","0.45506","0.50518","0.50518","0.50518","0.4006","0.4006","0.4006","0.39823","0.39823","0.39823","0.47157","0.47157","0.47157","0.40563","0.40563","0.40563","0.08959","0.08959","0.08959","0.1532","0.1532","0.1532","0.09177","0.09177","0.09177","0.42615","0.42615","0.42615"
"69","0.42918","0.42918","0.42918","0.46076","0.46076","0.46076","0.41122","0.41122","0.41122","0.38627","0.38627","0.38627","0.45468","0.45468","0.45468","0.44513","0.44513","0.44513","0.03251","0.03251","0.03251","0.10274","0.10274","0.10274","0.06648","0.06648","0.06648","0.44227","0.44227","0.44227"
"70","0.45558","0.45558","0.45558","0.48278","0.48278","0.48278","0.40461","0.40461","0.40461","0.39086","0.39086","0.39086","0.45767","0.45767","0.45767","0.40033","0.40033","0.40033","0.0322","0.0322","0.0322","0.15273","0.15273","0.15273","0.1025","0.1025","0.1025","0.49519","0.49519","0.49519"
"71","0.45544","0.45544","0.45544","0.47452","0.47452","0.47452","0.40548","0.40548","0.40548","0.42522","0.42522","0.42522","0.48023","0.48023","0.48023","0.43449","0.43449","0.43449","0.02943","0.02943","0.02943","0.16864","0.16864","0.16864","0.09954","0.09954","0.09954","0.4729","0.4729","0.4729"
"72","0.49251","0.49251","0.49251","0.43767","0.43767","0.43767","0.40883","0.40883","0.40883","0.40226","0.40226","0.40226","0.49213","0.49213","0.49213","0.39821","0.39821","0.39821","0.06437","0.06437","0.06437","0.19994","0.19994","0.19994","0.08138","0.08138","0.08138","0.47739","0.47739","0.47739"
"73","0.4898","0.4898","0.4898","0.48417","0.48417","0.48417","0.43386","0.43386","0.43386","0.38777","0.38777","0.38777","0.50959","0.50959","0.50959","0.40643","0.40643","0.40643","0.05505","0.05505","0.05505","0.17128","0.17128","0.17128","0.13553","0.13553","0.13553","0.49548","0.49548","0.49548"
"74","0.51125","0.51125","0.51125","0.4508","0.4508","0.4508","0.42142","0.42142","0.42142","0.43264","0.43264","0.43264","0.51796","0.51796","0.51796","0.43866","0.43866","0.43866","0.06515","0.06515","0.06515","0.10669","0.10669","0.10669","0.18646","0.18646","0.18646","0.49286","0.49286","0.49286"
"75","0.47808","0.47808","0.47808","0.46174","0.46174","0.46174","0.41213","0.41213","0.41213","0.41117","0.41117","0.41117","0.45656","0.45656","0.45656","0.43526","0.43526","0.43526","0.03121","0.03121","0.03121","0.20444","0.20444","0.20444","0.13299","0.13299","0.13299","0.47133","0.47133","0.47133"
"76","0.47146","0.47146","0.47146","0.48378","0.48378","0.48378","0.45665","0.45665","0.45665","0.39684","0.39684","0.39684","0.46004","0.46004","0.46004","0.42922","0.42922","0.42922","0.06347","0.06347","0.06347","0.23584","0.23584","0.23584","0.10465","0.10465","0.10465","0.43474","0.43474","0.43474"
"77","0.48279","0.48279","0.48279","0.4813","0.4813","0.4813","0.3938","0.3938","0.3938","0.3774","0.3774","0.3774","0.47168","0.47168","0.47168","0.4309","0.4309","0.4309","0.06658","0.06658","0.06658","0.20744","0.20744","0.20744","0.14245","0.14245","0.14245","0.46912","0.46912","0.46912"
"78","0.45337","0.45337","0.45337","0.47179","0.47179","0.47179","0.41511","0.41511","0.41511","0.42245","0.42245","0.42245","0.47444","0.47444","0.47444","0.44499","0.44499","0.44499","0.06121","0.06121","0.06121","0.2897","0.2897","0.2897","0.20947","0.20947","0.20947","0.49693","0.49693","0.49693"
"79","0.50498","0.50498","0.50498","0.49126","0.49126","0.49126","0.39272","0.39272","0.39272","0.44401","0.44401","0.44401","0.46874","0.46874","0.46874","0.38641","0.38641","0.38641","0.06381","0.06381","0.06381","0.30927","0.30927","0.30927","0.21056","0.21056","0.21056","0.47899","0.47899","0.47899"
"80","0.47721","0.47721","0.47721","0.47683","0.47683","0.47683","0.39648","0.39648","0.39648","0.39129","0.39129","0.39129","0.48531","0.48531","0.48531","0.44583","0.44583","0.44583","0.03305","0.03305","0.03305","0.23791","0.23791","0.23791","0.23019","0.23019","0.23019","0.49915","0.49915","0.49915"
"81","0.50334","0.50334","0.50334","0.49504","0.49504","0.49504","0.39864","0.39864","0.39864","0.41259","0.41259","0.41259","0.45637","0.45637","0.45637","0.43616","0.43616","0.43616","0.06425","0.06425","0.06425","0.26306","0.26306","0.26306","0.19261","0.19261","0.19261","0.49955","0.49955","0.49955"
"82","0.47993","0.47993","0.47993","0.47889","0.47889","0.47889","0.40521","0.40521","0.40521","0.39745","0.39745","0.39745","0.50159","0.50159","0.50159","0.41514","0.41514","0.41514","0.05374","0.05374","0.05374","0.26307","0.26307","0.26307","0.19752","0.19752","0.19752","0.46359","0.46359","0.46359"
"83","0.49553","0.49553","0.49553","0.51951","0.51951","0.51951","0.39967","0.39967","0.39967","0.4338","0.4338","0.4338","0.48734","0.48734","0.48734","0.45505","0.45505","0.45505","0.05517","0.05517","0.05517","0.27331","0.27331","0.27331","0.21029","0.21029","0.21029","0.50204","0.50204","0.50204"
"84","0.48909","0.48909","0.48909","0.53707","0.53707","0.53707","0.3957","0.3957","0.3957","0.39553","0.39553","0.39553","0.45974","0.45974","0.45974","0.43719","0.43719","0.43719","0.03169","0.03169","0.03169","0.29534","0.29534","0.29534","0.14266","0.14266","0.14266","0.50194","0.50194","0.50194"
"85","0.47893","0.47893","0.47893","0.49394","0.49394","0.49394","0.42796","0.42796","0.42796","0.38814","0.38814","0.38814","0.48382","0.48382","0.48382","0.43972","0.43972","0.43972","0.06414","0.06414","0.06414","0.3152","0.3152","0.3152","0.21271","0.21271","0.21271","0.48489","0.48489","0.48489"
"86","0.47869","0.47869","0.47869","0.49362","0.49362","0.49362","0.42728","0.42728","0.42728","0.38842","0.38842","0.38842","0.50189","0.50189","0.50189","0.46694","0.46694","0.46694","0.06345","0.06345","0.06345","0.27015","0.27015","0.27015","0.17889","0.17889","0.17889","0.48831","0.48831","0.48831"
"87","0.48194","0.48194","0.48194","0.47169","0.47169","0.47169","0.40697","0.40697","0.40697","0.44425","0.44425","0.44425","0.49118","0.49118","0.49118","0.4833","0.4833","0.4833","0.02884","0.02884","0.02884","0.29861","0.29861","0.29861","0.25073","0.25073","0.25073","0.48256","0.48256","0.48256"
"88","0.50196","0.50196","0.50196","0.49835","0.49835","0.49835","0.42648","0.42648","0.42648","0.40126","0.40126","0.40126","0.47885","0.47885","0.47885","0.41129","0.41129","0.41129","0.06038","0.06038","0.06038","0.33551","0.33551","0.33551","0.28477","0.28477","0.28477","0.47901","0.47901","0.47901"
"89","0.48729","0.48729","0.48729","0.48499","0.48499","0.48499","0.40378","0.40378","0.40378","0.39075","0.39075","0.39075","0.4779","0.4779","0.4779","0.48198","0.48198","0.48198","0.03098","0.03098","0.03098","0.32455","0.32455","0.32455","0.25121","0.25121","0.25121","0.48362","0.48362","0.48362"
"90","0.47696","0.47696","0.47696","0.46744","0.46744","0.46744","0.42932","0.42932","0.42932","0.39287","0.39287","0.39287","0.47974","0.47974","0.47974","0.41765","0.41765","0.41765","0.06606","0.06606","0.06606","0.3048","0.3048","0.3048","0.30434","0.30434","0.30434","0.47631","0.47631","0.47631"
"91","0.50446","0.50446","0.50446","0.49197","0.49197","0.49197","0.43446","0.43446","0.43446","0.42202","0.42202","0.42202","0.46761","0.46761","0.46761","0.44536","0.44536","0.44536","0.05816","0.05816","0.05816","0.31211","0.31211","0.31211","0.25631","0.25631","0.25631","0.50114","0.50114","0.50114"
"92","0.49708","0.49708","0.49708","0.49838","0.49838","0.49838","0.40689","0.40689","0.40689","0.42905","0.42905","0.42905","0.48865","0.48865","0.48865","0.48056","0.48056","0.48056","0.09143","0.09143","0.09143","0.31246","0.31246","0.31246","0.29074","0.29074","0.29074","0.48943","0.48943","0.48943"
"93","0.49497","0.49497","0.49497","0.50739","0.50739","0.50739","0.48394","0.48394","0.48394","0.43131","0.43131","0.43131","0.50186","0.50186","0.50186","0.47947","0.47947","0.47947","0.03023","0.03023","0.03023","0.33451","0.33451","0.33451","0.3347","0.3347","0.3347","0.48424","0.48424","0.48424"
"94","0.51514","0.51514","0.51514","0.51286","0.51286","0.51286","0.43663","0.43663","0.43663","0.41083","0.41083","0.41083","0.48507","0.48507","0.48507","0.48215","0.48215","0.48215","0.03198","0.03198","0.03198","0.37442","0.37442","0.37442","0.24916","0.24916","0.24916","0.50586","0.50586","0.50586"
"95","0.49361","0.49361","0.49361","0.49087","0.49087","0.49087","0.43663","0.43663","0.43663","0.43657","0.43657","0.43657","0.49476","0.49476","0.49476","0.47515","0.47515","0.47515","0.06243","0.06243","0.06243","0.33789","0.33789","0.33789","0.33976","0.33976","0.33976","0.47857","0.47857","0.47857"
"96","0.49806","0.49806","0.49806","0.4819","0.4819","0.4819","0.43517","0.43517","0.43517","0.39631","0.39631","0.39631","0.49226","0.49226","0.49226","0.42947","0.42947","0.42947","0.05701","0.05701","0.05701","0.35564","0.35564","0.35564","0.31175","0.31175","0.31175","0.48833","0.48833","0.48833"
"97","0.4847","0.4847","0.4847","0.47187","0.47187","0.47187","0.46552","0.46552","0.46552","0.46448","0.46448","0.46448","0.48485","0.48485","0.48485","0.47572","0.47572","0.47572","0.10509","0.10509","0.10509","0.33541","0.33541","0.33541","0.26563","0.26563","0.26563","0.48236","0.48236","0.48236"
"98","0.5263","0.5263","0.5263","0.50312","0.50312","0.50312","0.40279","0.40279","0.40279","0.41382","0.41382","0.41382","0.49282","0.49282","0.49282","0.43848","0.43848","0.43848","0.04827","0.04827","0.04827","0.3489","0.3489","0.3489","0.32655","0.32655","0.32655","0.49571","0.49571","0.49571"
"99","0.49995","0.49995","0.49995","0.49756","0.49756","0.49756","0.46363","0.46363","0.46363","0.46368","0.46368","0.46368","0.47115","0.47115","0.47115","0.41351","0.41351","0.41351","0.06554","0.06554","0.06554","0.36678","0.36678","0.36678","0.33549","0.33549","0.33549","0.48288","0.48288","0.48288"
"100","0.48203","0.48203","0.48203","0.51116","0.51116","0.51116","0.43548","0.43548","0.43548","0.41702","0.41702","0.41702","0.48739","0.48739","0.48739","0.48419","0.48419","0.48419","0.08926","0.08926","0.08926","0.38473","0.38473","0.38473","0.31235","0.31235","0.31235","0.48841","0.48841","0.48841"
"101","0.48481","0.48481","0.48481","0.49147","0.49147","0.49147","0.47538","0.47538","0.47538","0.46495","0.46495","0.46495","0.50081","0.50081","0.50081","0.48694","0.48694","0.48694","0.0477","0.0477","0.0477","0.37005","0.37005","0.37005","0.32127","0.32127","0.32127","0.48116","0.48116","0.48116"
"102","0.49645","0.49645","0.49645","0.50047","0.50047","0.50047","0.43678","0.43678","0.43678","0.44326","0.44326","0.44326","0.51925","0.51925","0.51925","0.48421","0.48421","0.48421","0.02743","0.02743","0.02743","0.33627","0.33627","0.33627","0.31592","0.31592","0.31592","0.52201","0.52201","0.52201"
"103","0.48807","0.48807","0.48807","0.50592","0.50592","0.50592","0.47389","0.47389","0.47389","0.42969","0.42969","0.42969","0.48807","0.48807","0.48807","0.47923","0.47923","0.47923","0.06553","0.06553","0.06553","0.36688","0.36688","0.36688","0.36565","0.36565","0.36565","0.49417","0.49417","0.49417"
"104","0.5028","0.5028","0.5028","0.51139","0.51139","0.51139","0.42923","0.42923","0.42923","0.42286","0.42286","0.42286","0.48164","0.48164","0.48164","0.4842","0.4842","0.4842","0.06285","0.06285","0.06285","0.36882","0.36882","0.36882","0.31634","0.31634","0.31634","0.48873","0.48873","0.48873"
"105","0.49783","0.49783","0.49783","0.48679","0.48679","0.48679","0.41054","0.41054","0.41054","0.42881","0.42881","0.42881","0.47625","0.47625","0.47625","0.45817","0.45817","0.45817","0.09829","0.09829","0.09829","0.38667","0.38667","0.38667","0.36182","0.36182","0.36182","0.4845","0.4845","0.4845"
"106","0.48922","0.48922","0.48922","0.49976","0.49976","0.49976","0.47386","0.47386","0.47386","0.42896","0.42896","0.42896","0.50852","0.50852","0.50852","0.4894","0.4894","0.4894","0.06679","0.06679","0.06679","0.3934","0.3934","0.3934","0.37991","0.37991","0.37991","0.50151","0.50151","0.50151"
"107","0.50644","0.50644","0.50644","0.50251","0.50251","0.50251","0.42976","0.42976","0.42976","0.42464","0.42464","0.42464","0.52264","0.52264","0.52264","0.49751","0.49751","0.49751","0.09429","0.09429","0.09429","0.36614","0.36614","0.36614","0.38788","0.38788","0.38788","0.49942","0.49942","0.49942"
"108","0.50477","0.50477","0.50477","0.50695","0.50695","0.50695","0.43063","0.43063","0.43063","0.46357","0.46357","0.46357","0.48045","0.48045","0.48045","0.48698","0.48698","0.48698","0.03142","0.03142","0.03142","0.3772","0.3772","0.3772","0.39005","0.39005","0.39005","0.4882","0.4882","0.4882"
"109","0.48493","0.48493","0.48493","0.47648","0.47648","0.47648","0.483","0.483","0.483","0.48239","0.48239","0.48239","0.51188","0.51188","0.51188","0.4525","0.4525","0.4525","0.07399","0.07399","0.07399","0.35901","0.35901","0.35901","0.3767","0.3767","0.3767","0.49214","0.49214","0.49214"
"110","0.50088","0.50088","0.50088","0.51286","0.51286","0.51286","0.46337","0.46337","0.46337","0.41575","0.41575","0.41575","0.48619","0.48619","0.48619","0.4893","0.4893","0.4893","0.09893","0.09893","0.09893","0.39213","0.39213","0.39213","0.36075","0.36075","0.36075","0.50836","0.50836","0.50836"
"111","0.49198","0.49198","0.49198","0.4938","0.4938","0.4938","0.42473","0.42473","0.42473","0.43445","0.43445","0.43445","0.49044","0.49044","0.49044","0.48792","0.48792","0.48792","0.06649","0.06649","0.06649","0.39141","0.39141","0.39141","0.35358","0.35358","0.35358","0.49266","0.49266","0.49266"
"112","0.49391","0.49391","0.49391","0.47364","0.47364","0.47364","0.45167","0.45167","0.45167","0.4417","0.4417","0.4417","0.48359","0.48359","0.48359","0.47591","0.47591","0.47591","0.06471","0.06471","0.06471","0.39705","0.39705","0.39705","0.34821","0.34821","0.34821","0.48357","0.48357","0.48357"
"113","0.49914","0.49914","0.49914","0.49614","0.49614","0.49614","0.45619","0.45619","0.45619","0.49354","0.49354","0.49354","0.49307","0.49307","0.49307","0.49805","0.49805","0.49805","0.09392","0.09392","0.09392","0.38125","0.38125","0.38125","0.35156","0.35156","0.35156","0.50054","0.50054","0.50054"
"114","0.48929","0.48929","0.48929","0.4974","0.4974","0.4974","0.46925","0.46925","0.46925","0.4386","0.4386","0.4386","0.48159","0.48159","0.48159","0.48347","0.48347","0.48347","0.09868","0.09868","0.09868","0.4035","0.4035","0.4035","0.37267","0.37267","0.37267","0.49557","0.49557","0.49557"
"115","0.48329","0.48329","0.48329","0.49557","0.49557","0.49557","0.44873","0.44873","0.44873","0.4838","0.4838","0.4838","0.4876","0.4876","0.4876","0.48807","0.48807","0.48807","0.08047","0.08047","0.08047","0.39443","0.39443","0.39443","0.34371","0.34371","0.34371","0.47617","0.47617","0.47617"
"116","0.48959","0.48959","0.48959","0.49616","0.49616","0.49616","0.44674","0.44674","0.44674","0.45599","0.45599","0.45599","0.47777","0.47777","0.47777","0.48869","0.48869","0.48869","0.09018","0.09018","0.09018","0.39368","0.39368","0.39368","0.33367","0.33367","0.33367","0.49834","0.49834","0.49834"
"117","0.49887","0.49887","0.49887","0.5103","0.5103","0.5103","0.44331","0.44331","0.44331","0.47171","0.47171","0.47171","0.48117","0.48117","0.48117","0.49303","0.49303","0.49303","0.03302","0.03302","0.03302","0.39494","0.39494","0.39494","0.36142","0.36142","0.36142","0.50056","0.50056","0.50056"
"118","0.5332","0.5332","0.5332","0.51173","0.51173","0.51173","0.45841","0.45841","0.45841","0.44461","0.44461","0.44461","0.47954","0.47954","0.47954","0.48543","0.48543","0.48543","0.03005","0.03005","0.03005","0.40304","0.40304","0.40304","0.36962","0.36962","0.36962","0.48289","0.48289","0.48289"
"119","0.5044","0.5044","0.5044","0.4923","0.4923","0.4923","0.48706","0.48706","0.48706","0.43395","0.43395","0.43395","0.47461","0.47461","0.47461","0.47454","0.47454","0.47454","0.05066","0.05066","0.05066","0.39769","0.39769","0.39769","0.36608","0.36608","0.36608","0.49017","0.49017","0.49017"
"120","0.51823","0.51823","0.51823","0.48959","0.48959","0.48959","0.45535","0.45535","0.45535","0.43411","0.43411","0.43411","0.50917","0.50917","0.50917","0.48679","0.48679","0.48679","0.03237","0.03237","0.03237","0.35834","0.35834","0.35834","0.33251","0.33251","0.33251","0.48076","0.48076","0.48076"
"121","0.47467","0.47467","0.47467","0.48398","0.48398","0.48398","0.47958","0.47958","0.47958","0.41992","0.41992","0.41992","0.46008","0.46008","0.46008","0.4834","0.4834","0.4834","0.06751","0.06751","0.06751","0.3817","0.3817","0.3817","0.3652","0.3652","0.3652","0.4804","0.4804","0.4804"
"122","0.49424","0.49424","0.49424","0.50785","0.50785","0.50785","0.47451","0.47451","0.47451","0.49009","0.49009","0.49009","0.46175","0.46175","0.46175","0.4842","0.4842","0.4842","0.06309","0.06309","0.06309","0.407","0.407","0.407","0.38181","0.38181","0.38181","0.478","0.478","0.478"
"123","0.51332","0.51332","0.51332","0.50203","0.50203","0.50203","0.49001","0.49001","0.49001","0.44142","0.44142","0.44142","0.49747","0.49747","0.49747","0.49207","0.49207","0.49207","0.09699","0.09699","0.09699","0.38697","0.38697","0.38697","0.3659","0.3659","0.3659","0.49231","0.49231","0.49231"
"124","0.51881","0.51881","0.51881","0.50494","0.50494","0.50494","0.48533","0.48533","0.48533","0.44749","0.44749","0.44749","0.49954","0.49954","0.49954","0.49458","0.49458","0.49458","0.09728","0.09728","0.09728","0.39288","0.39288","0.39288","0.37173","0.37173","0.37173","0.49512","0.49512","0.49512"
"125","0.50642","0.50642","0.50642","0.49908","0.49908","0.49908","0.48178","0.48178","0.48178","0.43758","0.43758","0.43758","0.49548","0.49548","0.49548","0.49354","0.49354","0.49354","0.1243","0.1243","0.1243","0.4309","0.4309","0.4309","0.35774","0.35774","0.35774","0.49294","0.49294","0.49294"
"126","0.50523","0.50523","0.50523","0.51173","0.51173","0.51173","0.48324","0.48324","0.48324","0.45975","0.45975","0.45975","0.47815","0.47815","0.47815","0.49194","0.49194","0.49194","0.12978","0.12978","0.12978","0.40606","0.40606","0.40606","0.39562","0.39562","0.39562","0.50028","0.50028","0.50028"
"127","0.50565","0.50565","0.50565","0.50018","0.50018","0.50018","0.4924","0.4924","0.4924","0.45731","0.45731","0.45731","0.4955","0.4955","0.4955","0.50058","0.50058","0.50058","0.09814","0.09814","0.09814","0.3895","0.3895","0.3895","0.37631","0.37631","0.37631","0.50366","0.50366","0.50366"
"128","0.47845","0.47845","0.47845","0.49481","0.49481","0.49481","0.4924","0.4924","0.4924","0.43003","0.43003","0.43003","0.48078","0.48078","0.48078","0.48648","0.48648","0.48648","0.09833","0.09833","0.09833","0.39355","0.39355","0.39355","0.39396","0.39396","0.39396","0.48529","0.48529","0.48529"
"129","0.51651","0.51651","0.51651","0.49552","0.49552","0.49552","0.47758","0.47758","0.47758","0.50507","0.50507","0.50507","0.48127","0.48127","0.48127","0.47259","0.47259","0.47259","0.05563","0.05563","0.05563","0.39656","0.39656","0.39656","0.36183","0.36183","0.36183","0.48941","0.48941","0.48941"
"130","0.51376","0.51376","0.51376","0.49034","0.49034","0.49034","0.46503","0.46503","0.46503","0.45055","0.45055","0.45055","0.49967","0.49967","0.49967","0.47789","0.47789","0.47789","0.07978","0.07978","0.07978","0.38676","0.38676","0.38676","0.35951","0.35951","0.35951","0.49463","0.49463","0.49463"
"131","0.4916","0.4916","0.4916","0.51218","0.51218","0.51218","0.48462","0.48462","0.48462","0.41965","0.41965","0.41965","0.47872","0.47872","0.47872","0.48019","0.48019","0.48019","0.06498","0.06498","0.06498","0.38249","0.38249","0.38249","0.37352","0.37352","0.37352","0.48704","0.48704","0.48704"
"132","0.5132","0.5132","0.5132","0.50376","0.50376","0.50376","0.46624","0.46624","0.46624","0.44186","0.44186","0.44186","0.49388","0.49388","0.49388","0.49117","0.49117","0.49117","0.11283","0.11283","0.11283","0.38527","0.38527","0.38527","0.37654","0.37654","0.37654","0.48084","0.48084","0.48084"
"133","0.51002","0.51002","0.51002","0.51482","0.51482","0.51482","0.4857","0.4857","0.4857","0.46373","0.46373","0.46373","0.47818","0.47818","0.47818","0.48271","0.48271","0.48271","0.09659","0.09659","0.09659","0.42117","0.42117","0.42117","0.3765","0.3765","0.3765","0.49511","0.49511","0.49511"
"134","0.49472","0.49472","0.49472","0.50325","0.50325","0.50325","0.48186","0.48186","0.48186","0.43492","0.43492","0.43492","0.50788","0.50788","0.50788","0.47848","0.47848","0.47848","0.09197","0.09197","0.09197","0.39354","0.39354","0.39354","0.38052","0.38052","0.38052","0.51268","0.51268","0.51268"
"135","0.50363","0.50363","0.50363","0.50816","0.50816","0.50816","0.44721","0.44721","0.44721","0.44761","0.44761","0.44761","0.4988","0.4988","0.4988","0.48991","0.48991","0.48991","0.05678","0.05678","0.05678","0.38738","0.38738","0.38738","0.38573","0.38573","0.38573","0.50106","0.50106","0.50106"
"136","0.50871","0.50871","0.50871","0.51543","0.51543","0.51543","0.49055","0.49055","0.49055","0.47858","0.47858","0.47858","0.49845","0.49845","0.49845","0.50968","0.50968","0.50968","0.06515","0.06515","0.06515","0.39207","0.39207","0.39207","0.39331","0.39331","0.39331","0.51029","0.51029","0.51029"
"137","0.51975","0.51975","0.51975","0.52358","0.52358","0.52358","0.47842","0.47842","0.47842","0.45164","0.45164","0.45164","0.50206","0.50206","0.50206","0.50564","0.50564","0.50564","0.11501","0.11501","0.11501","0.43099","0.43099","0.43099","0.38956","0.38956","0.38956","0.51147","0.51147","0.51147"
"138","0.50862","0.50862","0.50862","0.49782","0.49782","0.49782","0.46815","0.46815","0.46815","0.46639","0.46639","0.46639","0.49147","0.49147","0.49147","0.53049","0.53049","0.53049","0.09925","0.09925","0.09925","0.39158","0.39158","0.39158","0.3713","0.3713","0.3713","0.47675","0.47675","0.47675"
"139","0.52182","0.52182","0.52182","0.50113","0.50113","0.50113","0.47436","0.47436","0.47436","0.49156","0.49156","0.49156","0.49192","0.49192","0.49192","0.53259","0.53259","0.53259","0.06442","0.06442","0.06442","0.44057","0.44057","0.44057","0.36757","0.36757","0.36757","0.48887","0.48887","0.48887"
"140","0.50121","0.50121","0.50121","0.50216","0.50216","0.50216","0.49798","0.49798","0.49798","0.46934","0.46934","0.46934","0.47934","0.47934","0.47934","0.49384","0.49384","0.49384","0.11604","0.11604","0.11604","0.4218","0.4218","0.4218","0.38302","0.38302","0.38302","0.48494","0.48494","0.48494"
"141","0.51769","0.51769","0.51769","0.50191","0.50191","0.50191","0.46319","0.46319","0.46319","0.47117","0.47117","0.47117","0.48633","0.48633","0.48633","0.48343","0.48343","0.48343","0.12383","0.12383","0.12383","0.3896","0.3896","0.3896","0.37583","0.37583","0.37583","0.50609","0.50609","0.50609"
"142","0.5057","0.5057","0.5057","0.50202","0.50202","0.50202","0.47906","0.47906","0.47906","0.43976","0.43976","0.43976","0.48687","0.48687","0.48687","0.48875","0.48875","0.48875","0.12797","0.12797","0.12797","0.43706","0.43706","0.43706","0.3942","0.3942","0.3942","0.49411","0.49411","0.49411"
"143","0.49421","0.49421","0.49421","0.51795","0.51795","0.51795","0.46909","0.46909","0.46909","0.45301","0.45301","0.45301","0.49875","0.49875","0.49875","0.47742","0.47742","0.47742","0.0942","0.0942","0.0942","0.4276","0.4276","0.4276","0.38816","0.38816","0.38816","0.48873","0.48873","0.48873"
"144","0.50582","0.50582","0.50582","0.50286","0.50286","0.50286","0.47448","0.47448","0.47448","0.46732","0.46732","0.46732","0.50733","0.50733","0.50733","0.49091","0.49091","0.49091","0.09501","0.09501","0.09501","0.4687","0.4687","0.4687","0.39152","0.39152","0.39152","0.48408","0.48408","0.48408"
"145","0.50191","0.50191","0.50191","0.5031","0.5031","0.5031","0.47314","0.47314","0.47314","0.44109","0.44109","0.44109","0.47146","0.47146","0.47146","0.48011","0.48011","0.48011","0.0966","0.0966","0.0966","0.43572","0.43572","0.43572","0.38859","0.38859","0.38859","0.49237","0.49237","0.49237"
"146","0.50934","0.50934","0.50934","0.50912","0.50912","0.50912","0.47957","0.47957","0.47957","0.49868","0.49868","0.49868","0.4937","0.4937","0.4937","0.46903","0.46903","0.46903","0.06515","0.06515","0.06515","0.42943","0.42943","0.42943","0.38343","0.38343","0.38343","0.49826","0.49826","0.49826"
"147","0.52826","0.52826","0.52826","0.50299","0.50299","0.50299","0.48388","0.48388","0.48388","0.49287","0.49287","0.49287","0.50528","0.50528","0.50528","0.48853","0.48853","0.48853","0.06521","0.06521","0.06521","0.40057","0.40057","0.40057","0.38755","0.38755","0.38755","0.50153","0.50153","0.50153"
"148","0.48961","0.48961","0.48961","0.51048","0.51048","0.51048","0.46981","0.46981","0.46981","0.44923","0.44923","0.44923","0.49721","0.49721","0.49721","0.49949","0.49949","0.49949","0.08773","0.08773","0.08773","0.41447","0.41447","0.41447","0.3888","0.3888","0.3888","0.50186","0.50186","0.50186"
"149","0.51902","0.51902","0.51902","0.50384","0.50384","0.50384","0.49344","0.49344","0.49344","0.44765","0.44765","0.44765","0.47634","0.47634","0.47634","0.48389","0.48389","0.48389","0.09794","0.09794","0.09794","0.4229","0.4229","0.4229","0.39501","0.39501","0.39501","0.50833","0.50833","0.50833"
"150","0.5357","0.5357","0.5357","0.50057","0.50057","0.50057","0.48682","0.48682","0.48682","0.45988","0.45988","0.45988","0.51154","0.51154","0.51154","0.49585","0.49585","0.49585","0.07277","0.07277","0.07277","0.39462","0.39462","0.39462","0.40023","0.40023","0.40023","0.50199","0.50199","0.50199"
"151","0.51813","0.51813","0.51813","0.50934","0.50934","0.50934","0.50898","0.50898","0.50898","0.46867","0.46867","0.46867","0.49452","0.49452","0.49452","0.49382","0.49382","0.49382","0.0938","0.0938","0.0938","0.44026","0.44026","0.44026","0.39832","0.39832","0.39832","0.498","0.498","0.498"
"152","0.52053","0.52053","0.52053","0.51516","0.51516","0.51516","0.49192","0.49192","0.49192","0.47661","0.47661","0.47661","0.48008","0.48008","0.48008","0.49447","0.49447","0.49447","0.07805","0.07805","0.07805","0.40198","0.40198","0.40198","0.39733","0.39733","0.39733","0.50649","0.50649","0.50649"
"153","0.52048","0.52048","0.52048","0.51865","0.51865","0.51865","0.49723","0.49723","0.49723","0.46194","0.46194","0.46194","0.48663","0.48663","0.48663","0.50709","0.50709","0.50709","0.08039","0.08039","0.08039","0.39364","0.39364","0.39364","0.39956","0.39956","0.39956","0.49059","0.49059","0.49059"
"154","0.52278","0.52278","0.52278","0.49429","0.49429","0.49429","0.49147","0.49147","0.49147","0.47294","0.47294","0.47294","0.49254","0.49254","0.49254","0.49571","0.49571","0.49571","0.09868","0.09868","0.09868","0.43308","0.43308","0.43308","0.39791","0.39791","0.39791","0.49119","0.49119","0.49119"
"155","0.50122","0.50122","0.50122","0.50676","0.50676","0.50676","0.48177","0.48177","0.48177","0.45881","0.45881","0.45881","0.49975","0.49975","0.49975","0.49853","0.49853","0.49853","0.11508","0.11508","0.11508","0.40488","0.40488","0.40488","0.39308","0.39308","0.39308","0.49767","0.49767","0.49767"
"156","0.49724","0.49724","0.49724","0.5086","0.5086","0.5086","0.48403","0.48403","0.48403","0.47431","0.47431","0.47431","0.48444","0.48444","0.48444","0.4871","0.4871","0.4871","0.0537","0.0537","0.0537","0.40075","0.40075","0.40075","0.40616","0.40616","0.40616","0.48706","0.48706","0.48706"
"157","0.49918","0.49918","0.49918","0.51952","0.51952","0.51952","0.48068","0.48068","0.48068","0.467","0.467","0.467","0.4903","0.4903","0.4903","0.49668","0.49668","0.49668","0.09963","0.09963","0.09963","0.3957","0.3957","0.3957","0.38996","0.38996","0.38996","0.48185","0.48185","0.48185"
"158","0.50116","0.50116","0.50116","0.50965","0.50965","0.50965","0.48119","0.48119","0.48119","0.46658","0.46658","0.46658","0.49251","0.49251","0.49251","0.49774","0.49774","0.49774","0.09915","0.09915","0.09915","0.42837","0.42837","0.42837","0.39715","0.39715","0.39715","0.48818","0.48818","0.48818"
"159","0.4935","0.4935","0.4935","0.5009","0.5009","0.5009","0.48321","0.48321","0.48321","0.46855","0.46855","0.46855","0.49975","0.49975","0.49975","0.47015","0.47015","0.47015","0.09742","0.09742","0.09742","0.39622","0.39622","0.39622","0.38997","0.38997","0.38997","0.49737","0.49737","0.49737"
"160","0.51316","0.51316","0.51316","0.51147","0.51147","0.51147","0.47466","0.47466","0.47466","0.47487","0.47487","0.47487","0.49864","0.49864","0.49864","0.4841","0.4841","0.4841","0.11415","0.11415","0.11415","0.40174","0.40174","0.40174","0.38627","0.38627","0.38627","0.49002","0.49002","0.49002"
"161","0.51899","0.51899","0.51899","0.50279","0.50279","0.50279","0.48513","0.48513","0.48513","0.4718","0.4718","0.4718","0.49407","0.49407","0.49407","0.50906","0.50906","0.50906","0.10639","0.10639","0.10639","0.43478","0.43478","0.43478","0.39308","0.39308","0.39308","0.48445","0.48445","0.48445"
"162","0.5169","0.5169","0.5169","0.52357","0.52357","0.52357","0.51807","0.51807","0.51807","0.46766","0.46766","0.46766","0.50677","0.50677","0.50677","0.49072","0.49072","0.49072","0.11999","0.11999","0.11999","0.42578","0.42578","0.42578","0.43037","0.43037","0.43037","0.48556","0.48556","0.48556"
"163","0.51459","0.51459","0.51459","0.50989","0.50989","0.50989","0.47496","0.47496","0.47496","0.43469","0.43469","0.43469","0.50383","0.50383","0.50383","0.48612","0.48612","0.48612","0.13171","0.13171","0.13171","0.39666","0.39666","0.39666","0.38064","0.38064","0.38064","0.48467","0.48467","0.48467"
"164","0.53138","0.53138","0.53138","0.51582","0.51582","0.51582","0.47754","0.47754","0.47754","0.45658","0.45658","0.45658","0.49451","0.49451","0.49451","0.49181","0.49181","0.49181","0.06446","0.06446","0.06446","0.40239","0.40239","0.40239","0.39767","0.39767","0.39767","0.49292","0.49292","0.49292"
"165","0.49832","0.49832","0.49832","0.50624","0.50624","0.50624","0.47252","0.47252","0.47252","0.44984","0.44984","0.44984","0.50025","0.50025","0.50025","0.49159","0.49159","0.49159","0.08159","0.08159","0.08159","0.41833","0.41833","0.41833","0.39381","0.39381","0.39381","0.4925","0.4925","0.4925"
"166","0.4991","0.4991","0.4991","0.51373","0.51373","0.51373","0.48976","0.48976","0.48976","0.47631","0.47631","0.47631","0.49683","0.49683","0.49683","0.50327","0.50327","0.50327","0.07296","0.07296","0.07296","0.43293","0.43293","0.43293","0.39165","0.39165","0.39165","0.50536","0.50536","0.50536"
"167","0.48974","0.48974","0.48974","0.5148","0.5148","0.5148","0.48335","0.48335","0.48335","0.46563","0.46563","0.46563","0.49957","0.49957","0.49957","0.48509","0.48509","0.48509","0.07518","0.07518","0.07518","0.46013","0.46013","0.46013","0.39286","0.39286","0.39286","0.50458","0.50458","0.50458"
"168","0.52406","0.52406","0.52406","0.51293","0.51293","0.51293","0.50245","0.50245","0.50245","0.4664","0.4664","0.4664","0.50843","0.50843","0.50843","0.50523","0.50523","0.50523","0.0972","0.0972","0.0972","0.43238","0.43238","0.43238","0.39806","0.39806","0.39806","0.51144","0.51144","0.51144"
"169","0.51498","0.51498","0.51498","0.51884","0.51884","0.51884","0.48787","0.48787","0.48787","0.45773","0.45773","0.45773","0.51898","0.51898","0.51898","0.48894","0.48894","0.48894","0.09053","0.09053","0.09053","0.43056","0.43056","0.43056","0.40064","0.40064","0.40064","0.50177","0.50177","0.50177"
"170","0.48384","0.48384","0.48384","0.51399","0.51399","0.51399","0.47478","0.47478","0.47478","0.45106","0.45106","0.45106","0.49181","0.49181","0.49181","0.49881","0.49881","0.49881","0.08812","0.08812","0.08812","0.43153","0.43153","0.43153","0.39404","0.39404","0.39404","0.50366","0.50366","0.50366"
"171","0.50555","0.50555","0.50555","0.50378","0.50378","0.50378","0.48209","0.48209","0.48209","0.47314","0.47314","0.47314","0.4889","0.4889","0.4889","0.49342","0.49342","0.49342","0.10974","0.10974","0.10974","0.39895","0.39895","0.39895","0.43195","0.43195","0.43195","0.48119","0.48119","0.48119"
"172","0.50398","0.50398","0.50398","0.50019","0.50019","0.50019","0.49247","0.49247","0.49247","0.47786","0.47786","0.47786","0.48218","0.48218","0.48218","0.48872","0.48872","0.48872","0.09839","0.09839","0.09839","0.41256","0.41256","0.41256","0.41585","0.41585","0.41585","0.48956","0.48956","0.48956"
"173","0.5039","0.5039","0.5039","0.5174","0.5174","0.5174","0.4755","0.4755","0.4755","0.435","0.435","0.435","0.49108","0.49108","0.49108","0.49734","0.49734","0.49734","0.12491","0.12491","0.12491","0.39665","0.39665","0.39665","0.42857","0.42857","0.42857","0.48538","0.48538","0.48538"
"174","0.52621","0.52621","0.52621","0.51765","0.51765","0.51765","0.48478","0.48478","0.48478","0.45783","0.45783","0.45783","0.49669","0.49669","0.49669","0.50564","0.50564","0.50564","0.10135","0.10135","0.10135","0.44509","0.44509","0.44509","0.38388","0.38388","0.38388","0.49749","0.49749","0.49749"
"175","0.5202","0.5202","0.5202","0.52271","0.52271","0.52271","0.4745","0.4745","0.4745","0.47866","0.47866","0.47866","0.49536","0.49536","0.49536","0.49776","0.49776","0.49776","0.07297","0.07297","0.07297","0.44268","0.44268","0.44268","0.43871","0.43871","0.43871","0.49951","0.49951","0.49951"
"176","0.51994","0.51994","0.51994","0.50405","0.50405","0.50405","0.4744","0.4744","0.4744","0.47196","0.47196","0.47196","0.49507","0.49507","0.49507","0.49191","0.49191","0.49191","0.07536","0.07536","0.07536","0.42855","0.42855","0.42855","0.42544","0.42544","0.42544","0.49958","0.49958","0.49958"
"177","0.5052","0.5052","0.5052","0.51736","0.51736","0.51736","0.48146","0.48146","0.48146","0.46742","0.46742","0.46742","0.50399","0.50399","0.50399","0.49167","0.49167","0.49167","0.08897","0.08897","0.08897","0.41057","0.41057","0.41057","0.42828","0.42828","0.42828","0.49911","0.49911","0.49911"
"178","0.51632","0.51632","0.51632","0.51314","0.51314","0.51314","0.48853","0.48853","0.48853","0.48361","0.48361","0.48361","0.49261","0.49261","0.49261","0.49441","0.49441","0.49441","0.13293","0.13293","0.13293","0.44562","0.44562","0.44562","0.3972","0.3972","0.3972","0.50997","0.50997","0.50997"
"179","0.52035","0.52035","0.52035","0.52002","0.52002","0.52002","0.47534","0.47534","0.47534","0.51108","0.51108","0.51108","0.49086","0.49086","0.49086","0.50105","0.50105","0.50105","0.12227","0.12227","0.12227","0.43062","0.43062","0.43062","0.43255","0.43255","0.43255","0.50282","0.50282","0.50282"
"180","0.5204","0.5204","0.5204","0.51013","0.51013","0.51013","0.49863","0.49863","0.49863","0.49573","0.49573","0.49573","0.49586","0.49586","0.49586","0.50573","0.50573","0.50573","0.12496","0.12496","0.12496","0.42303","0.42303","0.42303","0.41881","0.41881","0.41881","0.50967","0.50967","0.50967"
"181","0.51585","0.51585","0.51585","0.51236","0.51236","0.51236","0.49017","0.49017","0.49017","0.50634","0.50634","0.50634","0.51093","0.51093","0.51093","0.50005","0.50005","0.50005","0.06614","0.06614","0.06614","0.42","0.42","0.42","0.41374","0.41374","0.41374","0.51348","0.51348","0.51348"
"182","0.52516","0.52516","0.52516","0.50336","0.50336","0.50336","0.49043","0.49043","0.49043","0.46837","0.46837","0.46837","0.50335","0.50335","0.50335","0.49725","0.49725","0.49725","0.11642","0.11642","0.11642","0.41172","0.41172","0.41172","0.39914","0.39914","0.39914","0.49528","0.49528","0.49528"
"183","0.51796","0.51796","0.51796","0.50661","0.50661","0.50661","0.52293","0.52293","0.52293","0.50675","0.50675","0.50675","0.50767","0.50767","0.50767","0.50959","0.50959","0.50959","0.07872","0.07872","0.07872","0.42842","0.42842","0.42842","0.41149","0.41149","0.41149","0.49782","0.49782","0.49782"
"184","0.52014","0.52014","0.52014","0.50937","0.50937","0.50937","0.47035","0.47035","0.47035","0.47403","0.47403","0.47403","0.49499","0.49499","0.49499","0.49642","0.49642","0.49642","0.07855","0.07855","0.07855","0.418","0.418","0.418","0.42997","0.42997","0.42997","0.50278","0.50278","0.50278"
"185","0.50959","0.50959","0.50959","0.51153","0.51153","0.51153","0.4729","0.4729","0.4729","0.47681","0.47681","0.47681","0.5014","0.5014","0.5014","0.49139","0.49139","0.49139","0.10414","0.10414","0.10414","0.45791","0.45791","0.45791","0.43075","0.43075","0.43075","0.50483","0.50483","0.50483"
"186","0.51337","0.51337","0.51337","0.5145","0.5145","0.5145","0.47979","0.47979","0.47979","0.47308","0.47308","0.47308","0.50681","0.50681","0.50681","0.4974","0.4974","0.4974","0.11609","0.11609","0.11609","0.44276","0.44276","0.44276","0.39942","0.39942","0.39942","0.51593","0.51593","0.51593"
"187","0.52433","0.52433","0.52433","0.50946","0.50946","0.50946","0.48764","0.48764","0.48764","0.47921","0.47921","0.47921","0.51746","0.51746","0.51746","0.49005","0.49005","0.49005","0.08268","0.08268","0.08268","0.43134","0.43134","0.43134","0.39914","0.39914","0.39914","0.5044","0.5044","0.5044"
"188","0.5251","0.5251","0.5251","0.51187","0.51187","0.51187","0.49469","0.49469","0.49469","0.47859","0.47859","0.47859","0.50149","0.50149","0.50149","0.50055","0.50055","0.50055","0.0523","0.0523","0.0523","0.47233","0.47233","0.47233","0.46574","0.46574","0.46574","0.49528","0.49528","0.49528"
"189","0.52195","0.52195","0.52195","0.51541","0.51541","0.51541","0.49862","0.49862","0.49862","0.46295","0.46295","0.46295","0.50374","0.50374","0.50374","0.50399","0.50399","0.50399","0.06581","0.06581","0.06581","0.44393","0.44393","0.44393","0.40832","0.40832","0.40832","0.50516","0.50516","0.50516"
"190","0.52369","0.52369","0.52369","0.50738","0.50738","0.50738","0.50598","0.50598","0.50598","0.47286","0.47286","0.47286","0.5037","0.5037","0.5037","0.4963","0.4963","0.4963","0.08801","0.08801","0.08801","0.4341","0.4341","0.4341","0.43879","0.43879","0.43879","0.5057","0.5057","0.5057"
"191","0.51416","0.51416","0.51416","0.51665","0.51665","0.51665","0.51912","0.51912","0.51912","0.47372","0.47372","0.47372","0.49573","0.49573","0.49573","0.5015","0.5015","0.5015","0.13189","0.13189","0.13189","0.43724","0.43724","0.43724","0.40361","0.40361","0.40361","0.50585","0.50585","0.50585"
"192","0.52229","0.52229","0.52229","0.5198","0.5198","0.5198","0.51942","0.51942","0.51942","0.47512","0.47512","0.47512","0.4975","0.4975","0.4975","0.50688","0.50688","0.50688","0.10439","0.10439","0.10439","0.42589","0.42589","0.42589","0.42638","0.42638","0.42638","0.50046","0.50046","0.50046"
"193","0.52207","0.52207","0.52207","0.51904","0.51904","0.51904","0.5148","0.5148","0.5148","0.48099","0.48099","0.48099","0.49774","0.49774","0.49774","0.51607","0.51607","0.51607","0.07658","0.07658","0.07658","0.42808","0.42808","0.42808","0.43427","0.43427","0.43427","0.49389","0.49389","0.49389"
"194","0.51617","0.51617","0.51617","0.52053","0.52053","0.52053","0.5174","0.5174","0.5174","0.46963","0.46963","0.46963","0.50041","0.50041","0.50041","0.51476","0.51476","0.51476","0.11448","0.11448","0.11448","0.42941","0.42941","0.42941","0.49562","0.49562","0.49562","0.51647","0.51647","0.51647"
"195","0.52911","0.52911","0.52911","0.5189","0.5189","0.5189","0.49376","0.49376","0.49376","0.4964","0.4964","0.4964","0.51447","0.51447","0.51447","0.50334","0.50334","0.50334","0.06624","0.06624","0.06624","0.42288","0.42288","0.42288","0.48143","0.48143","0.48143","0.5125","0.5125","0.5125"
"196","0.53111","0.53111","0.53111","0.51512","0.51512","0.51512","0.47901","0.47901","0.47901","0.4802","0.4802","0.4802","0.5033","0.5033","0.5033","0.50844","0.50844","0.50844","0.11532","0.11532","0.11532","0.44664","0.44664","0.44664","0.48807","0.48807","0.48807","0.50896","0.50896","0.50896"
"197","0.51973","0.51973","0.51973","0.509","0.509","0.509","0.50958","0.50958","0.50958","0.47194","0.47194","0.47194","0.49828","0.49828","0.49828","0.49306","0.49306","0.49306","0.04798","0.04798","0.04798","0.46861","0.46861","0.46861","0.49955","0.49955","0.49955","0.50648","0.50648","0.50648"
"198","0.5256","0.5256","0.5256","0.51945","0.51945","0.51945","0.51924","0.51924","0.51924","0.47126","0.47126","0.47126","0.50438","0.50438","0.50438","0.49968","0.49968","0.49968","0.12072","0.12072","0.12072","0.41212","0.41212","0.41212","0.47276","0.47276","0.47276","0.51759","0.51759","0.51759"
"199","0.52421","0.52421","0.52421","0.51491","0.51491","0.51491","0.51232","0.51232","0.51232","0.49614","0.49614","0.49614","0.49218","0.49218","0.49218","0.50839","0.50839","0.50839","0.09923","0.09923","0.09923","0.43222","0.43222","0.43222","0.45517","0.45517","0.45517","0.50903","0.50903","0.50903"
"200","0.52974","0.52974","0.52974","0.51818","0.51818","0.51818","0.4965","0.4965","0.4965","0.48817","0.48817","0.48817","0.49902","0.49902","0.49902","0.5074","0.5074","0.5074","0.09427","0.09427","0.09427","0.46469","0.46469","0.46469","0.44254","0.44254","0.44254","0.50374","0.50374","0.50374"
"201","0.52129","0.52129","0.52129","0.52382","0.52382","0.52382","0.48506","0.48506","0.48506","0.4533","0.4533","0.4533","0.5023","0.5023","0.5023","0.50986","0.50986","0.50986","0.09074","0.09074","0.09074","0.42792","0.42792","0.42792","0.47941","0.47941","0.47941","0.50643","0.50643","0.50643"
"202","0.51504","0.51504","0.51504","0.5131","0.5131","0.5131","0.50119","0.50119","0.50119","0.46417","0.46417","0.46417","0.4875","0.4875","0.4875","0.51115","0.51115","0.51115","0.0997","0.0997","0.0997","0.41203","0.41203","0.41203","0.44428","0.44428","0.44428","0.50273","0.50273","0.50273"
"203","0.5269","0.5269","0.5269","0.50726","0.50726","0.50726","0.47743","0.47743","0.47743","0.47098","0.47098","0.47098","0.50457","0.50457","0.50457","0.51292","0.51292","0.51292","0.12182","0.12182","0.12182","0.43181","0.43181","0.43181","0.44665","0.44665","0.44665","0.50861","0.50861","0.50861"
"204","0.5269","0.5269","0.5269","0.5127","0.5127","0.5127","0.49885","0.49885","0.49885","0.49594","0.49594","0.49594","0.50382","0.50382","0.50382","0.50458","0.50458","0.50458","0.11511","0.11511","0.11511","0.4289","0.4289","0.4289","0.44931","0.44931","0.44931","0.50836","0.50836","0.50836"
"205","0.52782","0.52782","0.52782","0.51246","0.51246","0.51246","0.49827","0.49827","0.49827","0.5087","0.5087","0.5087","0.50756","0.50756","0.50756","0.49247","0.49247","0.49247","0.12591","0.12591","0.12591","0.43971","0.43971","0.43971","0.48259","0.48259","0.48259","0.5009","0.5009","0.5009"
"206","0.52517","0.52517","0.52517","0.52448","0.52448","0.52448","0.49664","0.49664","0.49664","0.4639","0.4639","0.4639","0.5051","0.5051","0.5051","0.50824","0.50824","0.50824","0.10748","0.10748","0.10748","0.43295","0.43295","0.43295","0.48084","0.48084","0.48084","0.49642","0.49642","0.49642"
"207","0.52269","0.52269","0.52269","0.52269","0.52269","0.52269","0.47962","0.47962","0.47962","0.46998","0.46998","0.46998","0.50073","0.50073","0.50073","0.50899","0.50899","0.50899","0.11826","0.11826","0.11826","0.43204","0.43204","0.43204","0.50161","0.50161","0.50161","0.50695","0.50695","0.50695"
"208","0.52147","0.52147","0.52147","0.52067","0.52067","0.52067","0.51501","0.51501","0.51501","0.47965","0.47965","0.47965","0.51051","0.51051","0.51051","0.50149","0.50149","0.50149","0.09554","0.09554","0.09554","0.4383","0.4383","0.4383","0.47622","0.47622","0.47622","0.50649","0.50649","0.50649"
"209","0.52335","0.52335","0.52335","0.52715","0.52715","0.52715","0.48217","0.48217","0.48217","0.51188","0.51188","0.51188","0.5115480283016233","0.5115480283016233","0.5115480283016233","0.50545","0.50545","0.50545","0.10005","0.10005","0.10005","0.44524","0.44524","0.44524","0.49005","0.49005","0.49005","0.50856","0.50856","0.50856"
"210","0.53159","0.53159","0.53159","0.51741","0.51741","0.51741","0.52159","0.52159","0.52159","0.51999","0.51999","0.51999","","","","0.50825","0.50825","0.50825","0.1226","0.1226","0.1226","0.43471","0.43471","0.43471","0.4044","0.4044","0.4044","0.51325","0.51325","0.51325"
"211","0.52447","0.52447","0.52447","0.52774","0.52774","0.52774","0.48164","0.48164","0.48164","0.51873","0.51873","0.51873","","","","0.49629","0.49629","0.49629","0.08303","0.08303","0.08303","0.43803","0.43803","0.43803","0.48263","0.48263","0.48263","0.50287","0.50287","0.50287"
"212","0.52698","0.52698","0.52698","0.52762","0.52762","0.52762","0.48113","0.48113","0.48113","0.48571","0.48571","0.48571","","","","0.49884","0.49884","0.49884","0.11065","0.11065","0.11065","0.44347","0.44347","0.44347","0.47051","0.47051","0.47051","0.51654","0.51654","0.51654"
"213","0.52756","0.52756","0.52756","0.52246","0.52246","0.52246","0.48135","0.48135","0.48135","0.46729","0.46729","0.46729","","","","0.50113","0.50113","0.50113","0.07951","0.07951","0.07951","0.45415","0.45415","0.45415","0.44613","0.44613","0.44613","0.50689","0.50689","0.50689"
"214","0.52357","0.52357","0.52357","0.51619","0.51619","0.51619","0.48732","0.48732","0.48732","0.47628","0.47628","0.47628","","","","0.49069","0.49069","0.49069","0.10153","0.10153","0.10153","0.45096","0.45096","0.45096","0.44504","0.44504","0.44504","0.50561","0.50561","0.50561"
"215","0.52667","0.52667","0.52667","0.51622","0.51622","0.51622","0.48053","0.48053","0.48053","0.46823","0.46823","0.46823","","","","0.49452","0.49452","0.49452","0.09168","0.09168","0.09168","0.47905","0.47905","0.47905","0.48998","0.48998","0.48998","0.51063","0.51063","0.51063"
"216","0.52501","0.52501","0.52501","0.51805","0.51805","0.51805","0.4997","0.4997","0.4997","0.50482","0.50482","0.50482","","","","0.5111","0.5111","0.5111","0.08448","0.08448","0.08448","0.4692","0.4692","0.4692","0.49277","0.49277","0.49277","0.51338","0.51338","0.51338"
"217","0.53518","0.53518","0.53518","0.52366","0.52366","0.52366","0.50193","0.50193","0.50193","0.50936","0.50936","0.50936","","","","0.50961","0.50961","0.50961","0.07362","0.07362","0.07362","0.4816","0.4816","0.4816","0.5149","0.5149","0.5149","0.50709","0.50709","0.50709"
"218","0.53252","0.53252","0.53252","0.52207","0.52207","0.52207","0.50908","0.50908","0.50908","0.47954","0.47954","0.47954","","","","0.51682","0.51682","0.51682","0.09927","0.09927","0.09927","0.48091","0.48091","0.48091","0.47672","0.47672","0.47672","0.50489","0.50489","0.50489"
"219","0.53112","0.53112","0.53112","0.52064","0.52064","0.52064","0.50936","0.50936","0.50936","0.47529","0.47529","0.47529","","","","0.52069","0.52069","0.52069","0.06676","0.06676","0.06676","0.47694","0.47694","0.47694","0.4741","0.4741","0.4741","0.50674","0.50674","0.50674"
"220","0.52685","0.52685","0.52685","0.51668","0.51668","0.51668","0.50605","0.50605","0.50605","0.4777","0.4777","0.4777","","","","0.4997","0.4997","0.4997","0.0662","0.0662","0.0662","0.45093","0.45093","0.45093","0.4789","0.4789","0.4789","0.50095","0.50095","0.50095"
"221","0.53558","0.53558","0.53558","0.51512","0.51512","0.51512","0.51955","0.51955","0.51955","0.50469","0.50469","0.50469","","","","0.51863","0.51863","0.51863","0.0549","0.0549","0.0549","0.44959","0.44959","0.44959","0.46257","0.46257","0.46257","0.5098","0.5098","0.5098"
"222","0.52922","0.52922","0.52922","0.51698","0.51698","0.51698","0.51619","0.51619","0.51619","0.46496","0.46496","0.46496","","","","0.52129","0.52129","0.52129","0.09646","0.09646","0.09646","0.44966","0.44966","0.44966","0.47032","0.47032","0.47032","0.51201","0.51201","0.51201"
"223","0.52801","0.52801","0.52801","0.52007","0.52007","0.52007","0.50326","0.50326","0.50326","0.47923","0.47923","0.47923","","","","0.51122","0.51122","0.51122","0.13855","0.13855","0.13855","0.45545","0.45545","0.45545","0.5021","0.5021","0.5021","0.50334","0.50334","0.50334"
"224","0.5329","0.5329","0.5329","0.52234","0.52234","0.52234","0.51768","0.51768","0.51768","0.47269","0.47269","0.47269","","","","0.52062","0.52062","0.52062","0.13162","0.13162","0.13162","0.44199","0.44199","0.44199","0.46781","0.46781","0.46781","0.51262","0.51262","0.51262"
"225","0.53377","0.53377","0.53377","0.522","0.522","0.522","0.48178","0.48178","0.48178","0.50688","0.50688","0.50688","","","","0.52","0.52","0.52","0.1054","0.1054","0.1054","0.44703","0.44703","0.44703","0.47328","0.47328","0.47328","0.5072","0.5072","0.5072"
"226","0.52381","0.52381","0.52381","0.52498","0.52498","0.52498","0.50642","0.50642","0.50642","0.47086","0.47086","0.47086","","","","0.50018","0.50018","0.50018","0.07747","0.07747","0.07747","0.48446","0.48446","0.48446","0.4377","0.4377","0.4377","0.51708","0.51708","0.51708"
"227","0.52152","0.52152","0.52152","0.5257","0.5257","0.5257","0.52563","0.52563","0.52563","0.47008","0.47008","0.47008","","","","0.52216","0.52216","0.52216","0.1496","0.1496","0.1496","0.48668","0.48668","0.48668","0.50799","0.50799","0.50799","0.52036","0.52036","0.52036"
"228","0.52872","0.52872","0.52872","0.51649","0.51649","0.51649","0.50531","0.50531","0.50531","0.51341","0.51341","0.51341","","","","0.49035","0.49035","0.49035","0.11557","0.11557","0.11557","0.45475","0.45475","0.45475","0.51144","0.51144","0.51144","0.50647","0.50647","0.50647"
"229","0.51548","0.51548","0.51548","0.51865","0.51865","0.51865","0.51838","0.51838","0.51838","0.51383","0.51383","0.51383","","","","0.50777","0.50777","0.50777","0.09828","0.09828","0.09828","0.45143","0.45143","0.45143","0.46356","0.46356","0.46356","0.51346","0.51346","0.51346"
"230","0.50996","0.50996","0.50996","0.5224","0.5224","0.5224","0.50634","0.50634","0.50634","0.46892","0.46892","0.46892","","","","0.52668","0.52668","0.52668","0.10867","0.10867","0.10867","0.43422","0.43422","0.43422","0.48942","0.48942","0.48942","0.51661","0.51661","0.51661"
"231","0.51892","0.51892","0.51892","0.52304","0.52304","0.52304","0.48179","0.48179","0.48179","0.49572","0.49572","0.49572","","","","0.50976","0.50976","0.50976","0.15821","0.15821","0.15821","0.44107","0.44107","0.44107","0.46145","0.46145","0.46145","0.51052","0.51052","0.51052"
"232","0.52465","0.52465","0.52465","0.52764","0.52764","0.52764","0.48149","0.48149","0.48149","0.48316","0.48316","0.48316","","","","0.51619","0.51619","0.51619","0.11644","0.11644","0.11644","0.49006","0.49006","0.49006","0.44208","0.44208","0.44208","0.51303","0.51303","0.51303"
"233","0.52572","0.52572","0.52572","0.52849","0.52849","0.52849","0.48767","0.48767","0.48767","0.46634","0.46634","0.46634","","","","0.51439","0.51439","0.51439","0.1052","0.1052","0.1052","0.47612","0.47612","0.47612","0.5149","0.5149","0.5149","0.51302","0.51302","0.51302"
"234","0.52737","0.52737","0.52737","0.53471","0.53471","0.53471","0.487","0.487","0.487","0.46509","0.46509","0.46509","","","","0.49239","0.49239","0.49239","0.11571","0.11571","0.11571","0.48262","0.48262","0.48262","0.47621","0.47621","0.47621","0.50829","0.50829","0.50829"
"235","0.53071","0.53071","0.53071","0.52231","0.52231","0.52231","0.50601","0.50601","0.50601","0.48532","0.48532","0.48532","","","","0.50294","0.50294","0.50294","0.10757","0.10757","0.10757","0.48241","0.48241","0.48241","0.50322","0.50322","0.50322","0.50949","0.50949","0.50949"
"236","0.52699","0.52699","0.52699","0.53014","0.53014","0.53014","0.51973","0.51973","0.51973","0.49914","0.49914","0.49914","","","","0.51645","0.51645","0.51645","0.11682","0.11682","0.11682","0.46068","0.46068","0.46068","0.50945","0.50945","0.50945","0.51261","0.51261","0.51261"
"237","0.52771","0.52771","0.52771","0.52803","0.52803","0.52803","0.52551","0.52551","0.52551","0.46535","0.46535","0.46535","","","","0.52055","0.52055","0.52055","0.12822","0.12822","0.12822","0.49816","0.49816","0.49816","0.50871","0.50871","0.50871","0.52147","0.52147","0.52147"
"238","0.52805","0.52805","0.52805","0.5233","0.5233","0.5233","0.51893","0.51893","0.51893","0.46572","0.46572","0.46572","","","","0.5305520726781158","0.5305520726781158","0.5305520726781158","0.12186","0.12186","0.12186","0.46679","0.46679","0.46679","0.51161","0.51161","0.51161","0.5194","0.5194","0.5194"
"239","0.52584","0.52584","0.52584","0.52259","0.52259","0.52259","0.51035","0.51035","0.51035","0.4751","0.4751","0.4751","","","","","","","0.12105","0.12105","0.12105","0.4972","0.4972","0.4972","0.5113","0.5113","0.5113","0.5139","0.5139","0.5139"
"240","0.53018","0.53018","0.53018","0.52768","0.52768","0.52768","0.49197","0.49197","0.49197","0.48008","0.48008","0.48008","","","","","","","0.0884","0.0884","0.0884","0.49956","0.49956","0.49956","0.49526","0.49526","0.49526","0.5165","0.5165","0.5165"
"241","0.52738","0.52738","0.52738","0.52547","0.52547","0.52547","0.51073","0.51073","0.51073","0.47491","0.47491","0.47491","","","","","","","0.11255","0.11255","0.11255","0.48523","0.48523","0.48523","0.49689","0.49689","0.49689","0.52203","0.52203","0.52203"
"242","0.52936","0.52936","0.52936","0.52376","0.52376","0.52376","0.50714","0.50714","0.50714","0.4667","0.4667","0.4667","","","","","","","0.10612","0.10612","0.10612","0.49039","0.49039","0.49039","0.49212","0.49212","0.49212","0.51691","0.51691","0.51691"
"243","0.53408","0.53408","0.53408","0.52292","0.52292","0.52292","0.49062","0.49062","0.49062","0.47422","0.47422","0.47422","","","","","","","0.09917","0.09917","0.09917","0.50142","0.50142","0.50142","0.49133","0.49133","0.49133","0.52173","0.52173","0.52173"
"244","0.52684","0.52684","0.52684","0.52491","0.52491","0.52491","0.52257","0.52257","0.52257","0.474","0.474","0.474","","","","","","","0.14398","0.14398","0.14398","0.49842","0.49842","0.49842","0.50382","0.50382","0.50382","0.52599","0.52599","0.52599"
"245","0.53396","0.53396","0.53396","0.5256","0.5256","0.5256","0.52415","0.52415","0.52415","0.47226","0.47226","0.47226","","","","","","","0.11726","0.11726","0.11726","0.49285","0.49285","0.49285","0.48786","0.48786","0.48786","0.51975","0.51975","0.51975"
"246","0.52882","0.52882","0.52882","0.52389","0.52389","0.52389","0.48266","0.48266","0.48266","0.48587","0.48587","0.48587","","","","","","","0.12268","0.12268","0.12268","0.49443","0.49443","0.49443","0.50274","0.50274","0.50274","0.51939","0.51939","0.51939"
"247","0.52802","0.52802","0.52802","0.52624","0.52624","0.52624","0.49006","0.49006","0.49006","0.47779","0.47779","0.47779","","","","","","","0.111","0.111","0.111","0.48835","0.48835","0.48835","0.49507","0.49507","0.49507","0.52123","0.52123","0.52123"
"248","0.53281","0.53281","0.53281","0.52568","0.52568","0.52568","0.52221","0.52221","0.52221","0.47903","0.47903","0.47903","","","","","","","0.10036","0.10036","0.10036","0.47901","0.47901","0.47901","0.43195","0.43195","0.43195","0.52046","0.52046","0.52046"
"249","0.52387","0.52387","0.52387","0.52428","0.52428","0.52428","0.5167","0.5167","0.5167","0.47778","0.47778","0.47778","","","","","","","0.08299","0.08299","0.08299","0.49058","0.49058","0.49058","0.5033","0.5033","0.5033","0.52572","0.52572","0.52572"
"250","0.51722","0.51722","0.51722","0.52277","0.52277","0.52277","0.51693","0.51693","0.51693","0.48172","0.48172","0.48172","","","","","","","0.09896","0.09896","0.09896","0.49992","0.49992","0.49992","0.4947","0.4947","0.4947","0.51671","0.51671","0.51671"
"251","0.52454","0.52454","0.52454","0.52691","0.52691","0.52691","0.48214","0.48214","0.48214","0.47784","0.47784","0.47784","","","","","","","0.11625","0.11625","0.11625","0.48449","0.48449","0.48449","0.50034","0.50034","0.50034","0.52078","0.52078","0.52078"
"252","0.53054","0.53054","0.53054","0.52206","0.52206","0.52206","0.51503","0.51503","0.51503","0.48497","0.48497","0.48497","","","","","","","0.08588","0.08588","0.08588","0.47742","0.47742","0.47742","0.49366","0.49366","0.49366","0.52282","0.52282","0.52282"
"253","0.52469","0.52469","0.52469","0.52079","0.52079","0.52079","0.51041","0.51041","0.51041","0.486","0.486","0.486","","","","","","","0.1047","0.1047","0.1047","0.47793","0.47793","0.47793","0.51099","0.51099","0.51099","0.51492","0.51492","0.51492"
"254","0.53435","0.53435","0.53435","0.51616","0.51616","0.51616","0.50404","0.50404","0.50404","0.48729","0.48729","0.48729","","","","","","","0.10786","0.10786","0.10786","0.49829","0.49829","0.49829","0.51533","0.51533","0.51533","0.52202","0.52202","0.52202"
"255","0.53455","0.53455","0.53455","0.51619","0.51619","0.51619","0.50629","0.50629","0.50629","0.4841","0.4841","0.4841","","","","","","","0.1221","0.1221","0.1221","0.49221","0.49221","0.49221","0.5052","0.5052","0.5052","0.51549","0.51549","0.51549"
"256","0.52722","0.52722","0.52722","0.52311","0.52311","0.52311","0.50472","0.50472","0.50472","0.47845","0.47845","0.47845","","","","","","","0.10537","0.10537","0.10537","0.49109","0.49109","0.49109","0.50058","0.50058","0.50058","0.50853","0.50853","0.50853"
"257","0.5205","0.5205","0.5205","0.52061","0.52061","0.52061","0.50136","0.50136","0.50136","0.47726","0.47726","0.47726","","","","","","","0.09202","0.09202","0.09202","0.49662","0.49662","0.49662","0.49736","0.49736","0.49736","0.51601","0.51601","0.51601"
"258","0.52733","0.52733","0.52733","0.52465","0.52465","0.52465","0.50681","0.50681","0.50681","0.48188","0.48188","0.48188","","","","","","","0.11704","0.11704","0.11704","0.49621","0.49621","0.49621","0.50151","0.50151","0.50151","0.52058","0.52058","0.52058"
"259","0.52782","0.52782","0.52782","0.52266","0.52266","0.52266","0.48543","0.48543","0.48543","0.4787","0.4787","0.4787","","","","","","","0.09719","0.09719","0.09719","0.49266","0.49266","0.49266","0.50183","0.50183","0.50183","0.51918","0.51918","0.51918"
"260","0.52669","0.52669","0.52669","0.51819","0.51819","0.51819","0.51279","0.51279","0.51279","0.4743","0.4743","0.4743","","","","","","","0.10814","0.10814","0.10814","0.50265","0.50265","0.50265","0.50515","0.50515","0.50515","0.51547","0.51547","0.51547"
"261","0.52151","0.52151","0.52151","0.52486","0.52486","0.52486","0.50996","0.50996","0.50996","0.47997","0.47997","0.47997","","","","","","","0.08006","0.08006","0.08006","0.50021","0.50021","0.50021","0.50115","0.50115","0.50115","0.51664","0.51664","0.51664"
"262","0.52952","0.52952","0.52952","0.52426","0.52426","0.52426","0.5122","0.5122","0.5122","0.48337","0.48337","0.48337","","","","","","","0.08292","0.08292","0.08292","0.49689","0.49689","0.49689","0.50525","0.50525","0.50525","0.52071","0.52071","0.52071"
"263","0.53193","0.53193","0.53193","0.52827","0.52827","0.52827","0.51635","0.51635","0.51635","0.47854","0.47854","0.47854","","","","","","","0.11105","0.11105","0.11105","0.47918","0.47918","0.47918","0.50161","0.50161","0.50161","0.52047","0.52047","0.52047"
"264","0.53462","0.53462","0.53462","0.52877","0.52877","0.52877","0.52441","0.52441","0.52441","0.48096","0.48096","0.48096","","","","","","","0.11124","0.11124","0.11124","0.49249","0.49249","0.49249","0.51127","0.51127","0.51127","0.52146","0.52146","0.52146"
"265","0.5298","0.5298","0.5298","0.53153","0.53153","0.53153","0.52498","0.52498","0.52498","0.47846","0.47846","0.47846","","","","","","","0.0943","0.0943","0.0943","0.49414","0.49414","0.49414","0.508","0.508","0.508","0.52672","0.52672","0.52672"
"266","0.53106","0.53106","0.53106","0.52806","0.52806","0.52806","0.52276","0.52276","0.52276","0.48","0.48","0.48","","","","","","","0.11564","0.11564","0.11564","0.48801","0.48801","0.48801","0.5083","0.5083","0.5083","0.53357","0.53357","0.53357"
"267","0.52884","0.52884","0.52884","0.52609","0.52609","0.52609","0.51788","0.51788","0.51788","0.47897","0.47897","0.47897","","","","","","","0.09955","0.09955","0.09955","0.49603","0.49603","0.49603","0.49365","0.49365","0.49365","0.53067","0.53067","0.53067"
"268","0.53106","0.53106","0.53106","0.53147","0.53147","0.53147","0.51776","0.51776","0.51776","0.4778","0.4778","0.4778","","","","","","","0.071","0.071","0.071","0.49595","0.49595","0.49595","0.49322","0.49322","0.49322","0.53261","0.53261","0.53261"
"269","0.53033","0.53033","0.53033","0.52647","0.52647","0.52647","0.51734","0.51734","0.51734","0.47801","0.47801","0.47801","","","","","","","0.07195","0.07195","0.07195","0.49868","0.49868","0.49868","0.50107","0.50107","0.50107","0.52858","0.52858","0.52858"
"270","0.53193","0.53193","0.53193","0.52298","0.52298","0.52298","0.51729","0.51729","0.51729","0.47226","0.47226","0.47226","","","","","","","0.11403","0.11403","0.11403","0.49184","0.49184","0.49184","0.50157","0.50157","0.50157","0.52337","0.52337","0.52337"
"271","0.53435","0.53435","0.53435","0.52131","0.52131","0.52131","0.51962","0.51962","0.51962","0.47951","0.47951","0.47951","","","","","","","0.08267","0.08267","0.08267","0.50036","0.50036","0.50036","0.50275","0.50275","0.50275","0.52611","0.52611","0.52611"
"272","0.537","0.537","0.537","0.52287","0.52287","0.52287","0.51294","0.51294","0.51294","0.47743","0.47743","0.47743","","","","","","","0.11608","0.11608","0.11608","0.49747","0.49747","0.49747","0.51187","0.51187","0.51187","0.52314","0.52314","0.52314"
"273","0.53479","0.53479","0.53479","0.52257","0.52257","0.52257","0.51227","0.51227","0.51227","0.47217","0.47217","0.47217","","","","","","","0.11382","0.11382","0.11382","0.49647","0.49647","0.49647","0.50409","0.50409","0.50409","0.52469","0.52469","0.52469"
"274","0.53383","0.53383","0.53383","0.52573","0.52573","0.52573","0.51582","0.51582","0.51582","0.47239","0.47239","0.47239","","","","","","","0.12439","0.12439","0.12439","0.48983","0.48983","0.48983","0.50338","0.50338","0.50338","0.52314","0.52314","0.52314"
"275","0.53063","0.53063","0.53063","0.52639","0.52639","0.52639","0.51394","0.51394","0.51394","0.47912","0.47912","0.47912","","","","","","","0.11602","0.11602","0.11602","0.4926","0.4926","0.4926","0.50845","0.50845","0.50845","0.52671","0.52671","0.52671"
"276","0.5221","0.5221","0.5221","0.52421","0.52421","0.52421","0.51692","0.51692","0.51692","0.47889","0.47889","0.47889","","","","","","","0.12192","0.12192","0.12192","0.49726","0.49726","0.49726","0.50676","0.50676","0.50676","0.52238","0.52238","0.52238"
"277","0.52674","0.52674","0.52674","0.52207","0.52207","0.52207","0.51273","0.51273","0.51273","0.47995","0.47995","0.47995","","","","","","","0.111","0.111","0.111","0.5005","0.5005","0.5005","0.49631","0.49631","0.49631","0.52313","0.52313","0.52313"
"278","0.52664","0.52664","0.52664","0.52704","0.52704","0.52704","0.51903","0.51903","0.51903","0.47884","0.47884","0.47884","","","","","","","0.11113","0.11113","0.11113","0.50209","0.50209","0.50209","0.50169","0.50169","0.50169","0.52449","0.52449","0.52449"
"279","0.53275","0.53275","0.53275","0.52404","0.52404","0.52404","0.52071","0.52071","0.52071","0.47317","0.47317","0.47317","","","","","","","0.10532","0.10532","0.10532","0.49339","0.49339","0.49339","0.50057","0.50057","0.50057","0.52359","0.52359","0.52359"
"280","0.53725","0.53725","0.53725","0.52081","0.52081","0.52081","0.51547","0.51547","0.51547","0.47593","0.47593","0.47593","","","","","","","0.11647","0.11647","0.11647","0.494","0.494","0.494","0.50344","0.50344","0.50344","0.51955","0.51955","0.51955"
"281","0.53241","0.53241","0.53241","0.52178","0.52178","0.52178","0.50534","0.50534","0.50534","0.47715","0.47715","0.47715","","","","","","","0.11632","0.11632","0.11632","0.49506","0.49506","0.49506","0.50759","0.50759","0.50759","0.52164","0.52164","0.52164"
"282","0.53384","0.53384","0.53384","0.52378","0.52378","0.52378","0.51443","0.51443","0.51443","0.47739","0.47739","0.47739","","","","","","","0.11203","0.11203","0.11203","0.49995","0.49995","0.49995","0.50578","0.50578","0.50578","0.52504","0.52504","0.52504"
"283","0.5253","0.5253","0.5253","0.52819","0.52819","0.52819","0.52531","0.52531","0.52531","0.4745","0.4745","0.4745","","","","","","","0.11668","0.11668","0.11668","0.49634","0.49634","0.49634","0.49442","0.49442","0.49442","0.52413","0.52413","0.52413"
"284","0.52374","0.52374","0.52374","0.52902","0.52902","0.52902","0.51536","0.51536","0.51536","0.47018","0.47018","0.47018","","","","","","","0.11621","0.11621","0.11621","0.49653","0.49653","0.49653","0.50634","0.50634","0.50634","0.52663","0.52663","0.52663"
"285","0.52026","0.52026","0.52026","0.53024","0.53024","0.53024","0.52698","0.52698","0.52698","0.47237","0.47237","0.47237","","","","","","","0.10069","0.10069","0.10069","0.49394","0.49394","0.49394","0.50156","0.50156","0.50156","0.52851","0.52851","0.52851"
"286","0.52449","0.52449","0.52449","0.52721","0.52721","0.52721","0.52218","0.52218","0.52218","0.47255","0.47255","0.47255","","","","","","","0.11086","0.11086","0.11086","0.49552","0.49552","0.49552","0.50564","0.50564","0.50564","0.52979","0.52979","0.52979"
"287","0.52852","0.52852","0.52852","0.52833","0.52833","0.52833","0.52182","0.52182","0.52182","0.47582","0.47582","0.47582","","","","","","","0.11021","0.11021","0.11021","0.49774","0.49774","0.49774","0.50707","0.50707","0.50707","0.52425","0.52425","0.52425"
"288","0.53168","0.53168","0.53168","0.52784","0.52784","0.52784","0.52643","0.52643","0.52643","0.47941","0.47941","0.47941","","","","","","","0.10816","0.10816","0.10816","0.50097","0.50097","0.50097","0.50809","0.50809","0.50809","0.52696","0.52696","0.52696"
"289","0.5316","0.5316","0.5316","0.52965","0.52965","0.52965","0.52433","0.52433","0.52433","0.48022","0.48022","0.48022","","","","","","","0.11382","0.11382","0.11382","0.50129","0.50129","0.50129","0.50393","0.50393","0.50393","0.52561","0.52561","0.52561"
"290","0.53105","0.53105","0.53105","0.52964","0.52964","0.52964","0.52675","0.52675","0.52675","0.47943","0.47943","0.47943","","","","","","","0.11333","0.11333","0.11333","0.50111","0.50111","0.50111","0.49844","0.49844","0.49844","0.5256","0.5256","0.5256"
"291","0.5326","0.5326","0.5326","0.52981","0.52981","0.52981","0.5231","0.5231","0.5231","0.47179","0.47179","0.47179","","","","","","","0.11091","0.11091","0.11091","0.50128","0.50128","0.50128","0.49766","0.49766","0.49766","0.52237","0.52237","0.52237"
"292","0.53281","0.53281","0.53281","0.53152","0.53152","0.53152","0.52416","0.52416","0.52416","0.47395","0.47395","0.47395","","","","","","","0.11137","0.11137","0.11137","0.50147","0.50147","0.50147","0.49213","0.49213","0.49213","0.52073","0.52073","0.52073"
"293","0.53172","0.53172","0.53172","0.53053","0.53053","0.53053","0.51868","0.51868","0.51868","0.47364","0.47364","0.47364","","","","","","","0.10288","0.10288","0.10288","0.50248","0.50248","0.50248","0.49819","0.49819","0.49819","0.52137","0.52137","0.52137"
"294","0.53197","0.53197","0.53197","0.53096","0.53096","0.53096","0.52475","0.52475","0.52475","0.47028","0.47028","0.47028","","","","","","","0.11369","0.11369","0.11369","0.50168","0.50168","0.50168","0.48353","0.48353","0.48353","0.52308","0.52308","0.52308"
"295","0.53348","0.53348","0.53348","0.53183","0.53183","0.53183","0.49253","0.49253","0.49253","0.4692","0.4692","0.4692","","","","","","","0.10267","0.10267","0.10267","0.5021","0.5021","0.5021","0.49129","0.49129","0.49129","0.52317","0.52317","0.52317"
"296","0.53347","0.53347","0.53347","0.52861","0.52861","0.52861","0.49135","0.49135","0.49135","0.46876","0.46876","0.46876","","","","","","","0.09746","0.09746","0.09746","0.50282","0.50282","0.50282","0.50782","0.50782","0.50782","0.52375","0.52375","0.52375"
"297","0.52982","0.52982","0.52982","0.52833","0.52833","0.52833","0.52536","0.52536","0.52536","0.46969","0.46969","0.46969","","","","","","","0.09998","0.09998","0.09998","0.50157","0.50157","0.50157","0.50239","0.50239","0.50239","0.5271","0.5271","0.5271"
"298","0.53074","0.53074","0.53074","0.52886","0.52886","0.52886","0.52572","0.52572","0.52572","0.47075","0.47075","0.47075","","","","","","","0.09739","0.09739","0.09739","0.50139","0.50139","0.50139","0.50191","0.50191","0.50191","0.52583","0.52583","0.52583"
"299","0.52965","0.52965","0.52965","0.52864","0.52864","0.52864","0.51906","0.51906","0.51906","0.47336","0.47336","0.47336","","","","","","","0.10297","0.10297","0.10297","0.50279","0.50279","0.50279","0.48851","0.48851","0.48851","0.52515","0.52515","0.52515"
"300","0.5347262545568808","0.5347262545568808","0.5347262545568808","0.5320991843151077","0.5320991843151077","0.5320991843151077","0.5262842764341564","0.5262842764341564","0.5262842764341564","0.5132907859963888","0.5132907859963888","0.5132907859963888","","","","","","","0.12191909818310318","0.12191909818310318","0.12191909818310318","0.029019344524380496","0.029019344524380496","0.029019344524380496","0","0","0","0.5298061437991095","0.5298061437991095","0.5298061437991095"