"Step","MLConv[R=10]-YOLO11x-DOTAv1 - metrics/mAP50(B)","MLConv[R=10]-YOLO11x-DOTAv1 - metrics/mAP50(B)__MIN","MLConv[R=10]-YOLO11x-DOTAv1 - metrics/mAP50(B)__MAX","MLConv[R=150]-YOLO11x-DOTAv1 - metrics/mAP50(B)","MLConv[R=150]-YOLO11x-DOTAv1 - metrics/mAP50(B)__MIN","MLConv[R=150]-YOLO11x-DOTAv1 - metrics/mAP50(B)__MAX","MLConv[R=1]-YOLO11x-DOTAv1 - metrics/mAP50(B)","MLConv[R=1]-YOLO11x-DOTAv1 - metrics/mAP50(B)__MIN","MLConv[R=1]-YOLO11x-DOTAv1 - metrics/mAP50(B)__MAX","MTL[T=30]-YOLO11x-DOTAv1 - metrics/mAP50(B)","MTL[T=30]-YOLO11x-DOTAv1 - metrics/mAP50(B)__MIN","MTL[T=30]-YOLO11x-DOTAv1 - metrics/mAP50(B)__MAX","MTL[T=36]-YOLO11x-DOTAv1 - metrics/mAP50(B)","MTL[T=36]-YOLO11x-DOTAv1 - metrics/mAP50(B)__MIN","MTL[T=36]-YOLO11x-DOTAv1 - metrics/mAP50(B)__MAX","MTL[T=16]-YOLO11x-DOTAv1 - metrics/mAP50(B)","MTL[T=16]-YOLO11x-DOTAv1 - metrics/mAP50(B)__MIN","MTL[T=16]-YOLO11x-DOTAv1 - metrics/mAP50(B)__MAX","YOLO11x-DOTAv1 - metrics/mAP50(B)","YOLO11x-DOTAv1 - metrics/mAP50(B)__MIN","YOLO11x-DOTAv1 - metrics/mAP50(B)__MAX","MTL[T=24]-YOLO11x-DOTAv1 - metrics/mAP50(B)","MTL[T=24]-YOLO11x-DOTAv1 - metrics/mAP50(B)__MIN","MTL[T=24]-YOLO11x-DOTAv1 - metrics/mAP50(B)__MAX","MTL[T=23]-YOLO11x-DOTAv1 - metrics/mAP50(B)","MTL[T=23]-YOLO11x-DOTAv1 - metrics/mAP50(B)__MIN","MTL[T=23]-YOLO11x-DOTAv1 - metrics/mAP50(B)__MAX","MTL[T=17]-YOLO11x-DOTAv1 - metrics/mAP50(B)","MTL[T=17]-YOLO11x-DOTAv1 - metrics/mAP50(B)__MIN","MTL[T=17]-YOLO11x-DOTAv1 - metrics/mAP50(B)__MAX"
"1","0","0","0","0","0","0","0","0","0","0","0","0","0","0","0","0","0","0","0","0","0","0","0","0","0","0","0","0","0","0"
"2","0","0","0","0","0","0","0","0","0","0.00006","0.00006","0.00006","0.00002","0.00002","0.00002","0.00303","0.00303","0.00303","0","0","0","0.00378","0.00378","0.00378","0","0","0","0","0","0"
"3","0.02362","0.02362","0.02362","0.02432","0.02432","0.02432","0.00233","0.00233","0.00233","0.00042","0.00042","0.00042","0.00007","0.00007","0.00007","0.03828","0.03828","0.03828","0.03553","0.03553","0.03553","0.07701","0.07701","0.07701","0.06431","0.06431","0.06431","0","0","0"
"4","0.0084","0.0084","0.0084","0.02351","0.02351","0.02351","0.01177","0.01177","0.01177","0.00024","0.00024","0.00024","0.00019","0.00019","0.00019","0.11105","0.11105","0.11105","0.12022","0.12022","0.12022","0.06018","0.06018","0.06018","0.10239","0.10239","0.10239","0.04445","0.04445","0.04445"
"5","0","0","0","0.02556","0.02556","0.02556","0.02408","0.02408","0.02408","0","0","0","0.00014","0.00014","0.00014","0.08976","0.08976","0.08976","0.09404","0.09404","0.09404","0.08638","0.08638","0.08638","0.12574","0.12574","0.12574","0.14728","0.14728","0.14728"
"6","0.02338","0.02338","0.02338","0.06372","0.06372","0.06372","0.02235","0.02235","0.02235","0.00028","0.00028","0.00028","0.00121","0.00121","0.00121","0.11919","0.11919","0.11919","0.12152","0.12152","0.12152","0.12039","0.12039","0.12039","0.1366","0.1366","0.1366","0.1126","0.1126","0.1126"
"7","0.04608","0.04608","0.04608","0.08274","0.08274","0.08274","0.00218","0.00218","0.00218","0","0","0","0","0","0","0.13537","0.13537","0.13537","0.14964","0.14964","0.14964","0.12683","0.12683","0.12683","0.16978","0.16978","0.16978","0.12183","0.12183","0.12183"
"8","0.03748","0.03748","0.03748","0.10597","0.10597","0.10597","0.00372","0.00372","0.00372","0.00073","0.00073","0.00073","0.00074","0.00074","0.00074","0.19767","0.19767","0.19767","0.2491","0.2491","0.2491","0.16826","0.16826","0.16826","0.19798","0.19798","0.19798","0.21818","0.21818","0.21818"
"9","0.04107","0.04107","0.04107","0.11502","0.11502","0.11502","0.01327","0.01327","0.01327","0.00122","0.00122","0.00122","0.00158","0.00158","0.00158","0.17996","0.17996","0.17996","0.19448","0.19448","0.19448","0.16867","0.16867","0.16867","0.2374","0.2374","0.2374","0.19532","0.19532","0.19532"
"10","0","0","0","0.16524","0.16524","0.16524","0","0","0","0.00077","0.00077","0.00077","0.00045","0.00045","0.00045","0.22543","0.22543","0.22543","0.22539","0.22539","0.22539","0.17981","0.17981","0.17981","0.22614","0.22614","0.22614","0.21602","0.21602","0.21602"
"11","0.04281","0.04281","0.04281","0.10811","0.10811","0.10811","0.02341","0.02341","0.02341","0","0","0","0.00247","0.00247","0.00247","0.26212","0.26212","0.26212","0.2714","0.2714","0.2714","0.20591","0.20591","0.20591","0.20591","0.20591","0.20591","0.2915","0.2915","0.2915"
"12","0.09","0.09","0.09","0.13959","0.13959","0.13959","0","0","0","0","0","0","0.00045","0.00045","0.00045","0.27969","0.27969","0.27969","0.2647","0.2647","0.2647","0.28747","0.28747","0.28747","0.27487","0.27487","0.27487","0.26398","0.26398","0.26398"
"13","0.08029","0.08029","0.08029","0.21026","0.21026","0.21026","0.03334","0.03334","0.03334","0.00146","0.00146","0.00146","0.00115","0.00115","0.00115","0.31175","0.31175","0.31175","0.29257","0.29257","0.29257","0.26504","0.26504","0.26504","0.23481","0.23481","0.23481","0.29356","0.29356","0.29356"
"14","0.07053","0.07053","0.07053","0.16025","0.16025","0.16025","0.01907","0.01907","0.01907","0","0","0","0.00541","0.00541","0.00541","0.29278","0.29278","0.29278","0.29093","0.29093","0.29093","0.2387","0.2387","0.2387","0.29329","0.29329","0.29329","0.28276","0.28276","0.28276"
"15","0.07375","0.07375","0.07375","0.20197","0.20197","0.20197","0","0","0","0.00712","0.00712","0.00712","0.00309","0.00309","0.00309","0.30124","0.30124","0.30124","0.29273","0.29273","0.29273","0.27451","0.27451","0.27451","0.28592","0.28592","0.28592","0.27435","0.27435","0.27435"
"16","0.1043","0.1043","0.1043","0.17927","0.17927","0.17927","0","0","0","0.00111","0.00111","0.00111","0","0","0","0.26291","0.26291","0.26291","0.22624","0.22624","0.22624","0.27327","0.27327","0.27327","0.28187","0.28187","0.28187","0.3421","0.3421","0.3421"
"17","0.0898","0.0898","0.0898","0.21087","0.21087","0.21087","0","0","0","0","0","0","0.00311","0.00311","0.00311","0.28992","0.28992","0.28992","0.31505","0.31505","0.31505","0.26685","0.26685","0.26685","0.35056","0.35056","0.35056","0.3514","0.3514","0.3514"
"18","0.15129","0.15129","0.15129","0.2404","0.2404","0.2404","0","0","0","0","0","0","0","0","0","0.34478","0.34478","0.34478","0.36425","0.36425","0.36425","0.32995","0.32995","0.32995","0.35979","0.35979","0.35979","0.36352","0.36352","0.36352"
"19","0.07769","0.07769","0.07769","0.20774","0.20774","0.20774","0.03335","0.03335","0.03335","0.01113","0.01113","0.01113","0.0352","0.0352","0.0352","0.31807","0.31807","0.31807","0.28564","0.28564","0.28564","0.27359","0.27359","0.27359","0.34512","0.34512","0.34512","0.3526","0.3526","0.3526"
"20","0.12789","0.12789","0.12789","0.28875","0.28875","0.28875","0","0","0","0","0","0","0.01117","0.01117","0.01117","0.34011","0.34011","0.34011","0.37362","0.37362","0.37362","0.37309","0.37309","0.37309","0.34181","0.34181","0.34181","0.38984","0.38984","0.38984"
"21","0.1307","0.1307","0.1307","0.33224","0.33224","0.33224","0.02226","0.02226","0.02226","0.0134","0.0134","0.0134","0","0","0","0.31589","0.31589","0.31589","0.34561","0.34561","0.34561","0.32988","0.32988","0.32988","0.29507","0.29507","0.29507","0.33027","0.33027","0.33027"
"22","0.14336","0.14336","0.14336","0.2685","0.2685","0.2685","0","0","0","0","0","0","0","0","0","0.35727","0.35727","0.35727","0.36198","0.36198","0.36198","0.34469","0.34469","0.34469","0.35165","0.35165","0.35165","0.39291","0.39291","0.39291"
"23","0.12261","0.12261","0.12261","0.25641","0.25641","0.25641","0","0","0","0","0","0","0","0","0","0.33523","0.33523","0.33523","0.37222","0.37222","0.37222","0.37043","0.37043","0.37043","0.38033","0.38033","0.38033","0.38372","0.38372","0.38372"
"24","0.1883","0.1883","0.1883","0.27358","0.27358","0.27358","0","0","0","0","0","0","0","0","0","0.37525","0.37525","0.37525","0.4042","0.4042","0.4042","0.29914","0.29914","0.29914","0.32583","0.32583","0.32583","0.3836","0.3836","0.3836"
"25","0.15124","0.15124","0.15124","0.31802","0.31802","0.31802","0.02239","0.02239","0.02239","0","0","0","0","0","0","0.36724","0.36724","0.36724","0.32905","0.32905","0.32905","0.37563","0.37563","0.37563","0.34498","0.34498","0.34498","0.37156","0.37156","0.37156"
"26","0.17106","0.17106","0.17106","0.33623","0.33623","0.33623","0","0","0","0","0","0","0","0","0","0.3921","0.3921","0.3921","0.38343","0.38343","0.38343","0.38525","0.38525","0.38525","0.35668","0.35668","0.35668","0.36612","0.36612","0.36612"
"27","0.14745","0.14745","0.14745","0.3611","0.3611","0.3611","0.01674","0.01674","0.01674","0","0","0","0","0","0","0.35976","0.35976","0.35976","0.34175","0.34175","0.34175","0.3432","0.3432","0.3432","0.29852","0.29852","0.29852","0.38511","0.38511","0.38511"
"28","0.21573","0.21573","0.21573","0.33527","0.33527","0.33527","0","0","0","0","0","0","0","0","0","0.32708","0.32708","0.32708","0.37793","0.37793","0.37793","0.36638","0.36638","0.36638","0.36231","0.36231","0.36231","0.35296","0.35296","0.35296"
"29","0.16449","0.16449","0.16449","0.32337","0.32337","0.32337","0","0","0","0","0","0","0","0","0","0.38723","0.38723","0.38723","0.38683","0.38683","0.38683","0.38589","0.38589","0.38589","0.33854","0.33854","0.33854","0.40974","0.40974","0.40974"
"30","0.1933","0.1933","0.1933","0.33226","0.33226","0.33226","0","0","0","0","0","0","0","0","0","0.39272","0.39272","0.39272","0.37234","0.37234","0.37234","0.38314","0.38314","0.38314","0.3413","0.3413","0.3413","0.40317","0.40317","0.40317"
"31","0.16233","0.16233","0.16233","0.41752","0.41752","0.41752","0","0","0","0","0","0","0","0","0","0.34831","0.34831","0.34831","0.38662","0.38662","0.38662","0.38559","0.38559","0.38559","0.3823","0.3823","0.3823","0.41697","0.41697","0.41697"
"32","0.19492","0.19492","0.19492","0.37446","0.37446","0.37446","0","0","0","0","0","0","0","0","0","0.38807","0.38807","0.38807","0.39478","0.39478","0.39478","0.4005","0.4005","0.4005","0.37447","0.37447","0.37447","0.42298","0.42298","0.42298"
"33","0.22834","0.22834","0.22834","0.32872","0.32872","0.32872","0.01117","0.01117","0.01117","0","0","0","0","0","0","0.39491","0.39491","0.39491","0.38946","0.38946","0.38946","0.38898","0.38898","0.38898","0.3531","0.3531","0.3531","0.40014","0.40014","0.40014"
"34","0.19993","0.19993","0.19993","0.34522","0.34522","0.34522","0","0","0","0","0","0","0","0","0","0.37663","0.37663","0.37663","0.38336","0.38336","0.38336","0.38684","0.38684","0.38684","0.39348","0.39348","0.39348","0.41813","0.41813","0.41813"
"35","0.25555","0.25555","0.25555","0.36237","0.36237","0.36237","0.00953","0.00953","0.00953","0","0","0","0","0","0","0.39317","0.39317","0.39317","0.38236","0.38236","0.38236","0.40098","0.40098","0.40098","0.38793","0.38793","0.38793","0.41803","0.41803","0.41803"
"36","0.19866","0.19866","0.19866","0.40206","0.40206","0.40206","0.03346","0.03346","0.03346","0","0","0","0","0","0","0.40688","0.40688","0.40688","0.40437","0.40437","0.40437","0.3928","0.3928","0.3928","0.39558","0.39558","0.39558","0.4097","0.4097","0.4097"
"37","0.25945","0.25945","0.25945","0.34697","0.34697","0.34697","0.03338","0.03338","0.03338","0","0","0","0","0","0","0.35154","0.35154","0.35154","0.36005","0.36005","0.36005","0.34506","0.34506","0.34506","0.34326","0.34326","0.34326","0.40852","0.40852","0.40852"
"38","0.25561","0.25561","0.25561","0.35821","0.35821","0.35821","0","0","0","0","0","0","0","0","0","0.39829","0.39829","0.39829","0.40111","0.40111","0.40111","0.38351","0.38351","0.38351","0.38481","0.38481","0.38481","0.40082","0.40082","0.40082"
"39","0.2428","0.2428","0.2428","0.34116","0.34116","0.34116","0.03342","0.03342","0.03342","0","0","0","0","0","0","0.36561","0.36561","0.36561","0.43032","0.43032","0.43032","0.38961","0.38961","0.38961","0.38544","0.38544","0.38544","0.41414","0.41414","0.41414"
"40","0.23618","0.23618","0.23618","0.29733","0.29733","0.29733","0.0336","0.0336","0.0336","0","0","0","0","0","0","0.40845","0.40845","0.40845","0.43807","0.43807","0.43807","0.3608","0.3608","0.3608","0.35232","0.35232","0.35232","0.42708","0.42708","0.42708"
"41","0.25055","0.25055","0.25055","0.32909","0.32909","0.32909","0.03351","0.03351","0.03351","0","0","0","0","0","0","0.39849","0.39849","0.39849","0.4336","0.4336","0.4336","0.4","0.4","0.4","0.40342","0.40342","0.40342","0.40962","0.40962","0.40962"
"42","0.23618","0.23618","0.23618","0.39026","0.39026","0.39026","0.03342","0.03342","0.03342","0","0","0","0","0","0","0.39884","0.39884","0.39884","0.39088","0.39088","0.39088","0.39235","0.39235","0.39235","0.40198","0.40198","0.40198","0.40797","0.40797","0.40797"
"43","0.18076","0.18076","0.18076","0.37348","0.37348","0.37348","0.02251","0.02251","0.02251","0","0","0","0","0","0","0.40568","0.40568","0.40568","0.39927","0.39927","0.39927","0.39578","0.39578","0.39578","0.39394","0.39394","0.39394","0.45693","0.45693","0.45693"
"44","0.25129","0.25129","0.25129","0.39971","0.39971","0.39971","0.03338","0.03338","0.03338","0","0","0","0","0","0","0.40873","0.40873","0.40873","0.40947","0.40947","0.40947","0.39938","0.39938","0.39938","0.40746","0.40746","0.40746","0.42149","0.42149","0.42149"
"45","0.20444","0.20444","0.20444","0.33379","0.33379","0.33379","0.03355","0.03355","0.03355","0","0","0","0","0","0","0.43701","0.43701","0.43701","0.39936","0.39936","0.39936","0.39659","0.39659","0.39659","0.39518","0.39518","0.39518","0.42289","0.42289","0.42289"
"46","0.27808","0.27808","0.27808","0.36058","0.36058","0.36058","0.06021","0.06021","0.06021","0","0","0","0","0","0","0.40651","0.40651","0.40651","0.42036","0.42036","0.42036","0.41147","0.41147","0.41147","0.40011","0.40011","0.40011","0.44454","0.44454","0.44454"
"47","0.26287","0.26287","0.26287","0.3783","0.3783","0.3783","0.02528","0.02528","0.02528","0","0","0","0","0","0","0.40712","0.40712","0.40712","0.40044","0.40044","0.40044","0.39123","0.39123","0.39123","0.39466","0.39466","0.39466","0.40746","0.40746","0.40746"
"48","0.25558","0.25558","0.25558","0.39731","0.39731","0.39731","0.03102","0.03102","0.03102","0","0","0","0","0","0","0.46684","0.46684","0.46684","0.41176","0.41176","0.41176","0.44434","0.44434","0.44434","0.41024","0.41024","0.41024","0.43736","0.43736","0.43736"
"49","0.31223","0.31223","0.31223","0.41061","0.41061","0.41061","0.03045","0.03045","0.03045","0.00239","0.00239","0.00239","0","0","0","0.4152","0.4152","0.4152","0.41599","0.41599","0.41599","0.48403","0.48403","0.48403","0.47486","0.47486","0.47486","0.42849","0.42849","0.42849"
"50","0.29051","0.29051","0.29051","0.37707","0.37707","0.37707","0.03373","0.03373","0.03373","0","0","0","0","0","0","0.4219","0.4219","0.4219","0.44157","0.44157","0.44157","0.45438","0.45438","0.45438","0.41139","0.41139","0.41139","0.42946","0.42946","0.42946"
"51","0.28338","0.28338","0.28338","0.37352","0.37352","0.37352","0.03133","0.03133","0.03133","0","0","0","0","0","0","0.46749","0.46749","0.46749","0.44849","0.44849","0.44849","0.4414","0.4414","0.4414","0.45096","0.45096","0.45096","0.48746","0.48746","0.48746"
"52","0.29808","0.29808","0.29808","0.36845","0.36845","0.36845","0.04185","0.04185","0.04185","0","0","0","0","0","0","0.39877","0.39877","0.39877","0.45329","0.45329","0.45329","0.47355","0.47355","0.47355","0.41344","0.41344","0.41344","0.45072","0.45072","0.45072"
"53","0.3014","0.3014","0.3014","0.41798","0.41798","0.41798","0.03351","0.03351","0.03351","0","0","0","0","0","0","0.44203","0.44203","0.44203","0.4367","0.4367","0.4367","0.43299","0.43299","0.43299","0.47608","0.47608","0.47608","0.46385","0.46385","0.46385"
"54","0.27071","0.27071","0.27071","0.40955","0.40955","0.40955","0.03251","0.03251","0.03251","0.03342","0.03342","0.03342","0","0","0","0.42869","0.42869","0.42869","0.42301","0.42301","0.42301","0.41853","0.41853","0.41853","0.42793","0.42793","0.42793","0.49989","0.49989","0.49989"
"55","0.39023","0.39023","0.39023","0.42919","0.42919","0.42919","0.06489","0.06489","0.06489","0.06673","0.06673","0.06673","0.01695","0.01695","0.01695","0.45414","0.45414","0.45414","0.44752","0.44752","0.44752","0.41959","0.41959","0.41959","0.45157","0.45157","0.45157","0.45565","0.45565","0.45565"
"56","0.30684","0.30684","0.30684","0.33447","0.33447","0.33447","0.05863","0.05863","0.05863","0.03338","0.03338","0.03338","0","0","0","0.41125","0.41125","0.41125","0.46584","0.46584","0.46584","0.42859","0.42859","0.42859","0.46033","0.46033","0.46033","0.49226","0.49226","0.49226"
"57","0.34395","0.34395","0.34395","0.40254","0.40254","0.40254","0.05363","0.05363","0.05363","0.06677","0.06677","0.06677","0","0","0","0.50647","0.50647","0.50647","0.43178","0.43178","0.43178","0.41238","0.41238","0.41238","0.47714","0.47714","0.47714","0.49613","0.49613","0.49613"
"58","0.23659","0.23659","0.23659","0.39434","0.39434","0.39434","0.08947","0.08947","0.08947","0","0","0","0","0","0","0.4055","0.4055","0.4055","0.48996","0.48996","0.48996","0.45366","0.45366","0.45366","0.40955","0.40955","0.40955","0.45859","0.45859","0.45859"
"59","0.31222","0.31222","0.31222","0.40371","0.40371","0.40371","0.02717","0.02717","0.02717","0.03338","0.03338","0.03338","0","0","0","0.44635","0.44635","0.44635","0.44004","0.44004","0.44004","0.43179","0.43179","0.43179","0.47813","0.47813","0.47813","0.49257","0.49257","0.49257"
"60","0.35078","0.35078","0.35078","0.39218","0.39218","0.39218","0.06979","0.06979","0.06979","0.09357","0.09357","0.09357","0","0","0","0.45383","0.45383","0.45383","0.45123","0.45123","0.45123","0.44088","0.44088","0.44088","0.46066","0.46066","0.46066","0.46301","0.46301","0.46301"
"61","0.36488","0.36488","0.36488","0.39863","0.39863","0.39863","0.02687","0.02687","0.02687","0.10038","0.10038","0.10038","0","0","0","0.47873","0.47873","0.47873","0.45534","0.45534","0.45534","0.48122","0.48122","0.48122","0.51609","0.51609","0.51609","0.4743","0.4743","0.4743"
"62","0.36891","0.36891","0.36891","0.38898","0.38898","0.38898","0.06527","0.06527","0.06527","0.06725","0.06725","0.06725","0.03346","0.03346","0.03346","0.4681","0.4681","0.4681","0.45961","0.45961","0.45961","0.48051","0.48051","0.48051","0.40349","0.40349","0.40349","0.45882","0.45882","0.45882"
"63","0.26196","0.26196","0.26196","0.41038","0.41038","0.41038","0.03102","0.03102","0.03102","0.0515","0.0515","0.0515","0.06407","0.06407","0.06407","0.4926","0.4926","0.4926","0.50049","0.50049","0.50049","0.44456","0.44456","0.44456","0.47866","0.47866","0.47866","0.42906","0.42906","0.42906"
"64","0.34473","0.34473","0.34473","0.40119","0.40119","0.40119","0.06218","0.06218","0.06218","0.09523","0.09523","0.09523","0.0644","0.0644","0.0644","0.44613","0.44613","0.44613","0.49226","0.49226","0.49226","0.44685","0.44685","0.44685","0.41403","0.41403","0.41403","0.52326","0.52326","0.52326"
"65","0.3224","0.3224","0.3224","0.40279","0.40279","0.40279","0.06571","0.06571","0.06571","0.12357","0.12357","0.12357","0.08793","0.08793","0.08793","0.43852","0.43852","0.43852","0.45518","0.45518","0.45518","0.45141","0.45141","0.45141","0.44071","0.44071","0.44071","0.49921","0.49921","0.49921"
"66","0.34215","0.34215","0.34215","0.39925","0.39925","0.39925","0.08996","0.08996","0.08996","0.09762","0.09762","0.09762","0.0954","0.0954","0.0954","0.49918","0.49918","0.49918","0.49489","0.49489","0.49489","0.49035","0.49035","0.49035","0.46338","0.46338","0.46338","0.50958","0.50958","0.50958"
"67","0.33634","0.33634","0.33634","0.40796","0.40796","0.40796","0.06142","0.06142","0.06142","0.11785","0.11785","0.11785","0.09823","0.09823","0.09823","0.4582","0.4582","0.4582","0.48464","0.48464","0.48464","0.48597","0.48597","0.48597","0.44354","0.44354","0.44354","0.50482","0.50482","0.50482"
"68","0.30559","0.30559","0.30559","0.40563","0.40563","0.40563","0.08959","0.08959","0.08959","0.1532","0.1532","0.1532","0.09177","0.09177","0.09177","0.42615","0.42615","0.42615","0.45641","0.45641","0.45641","0.48974","0.48974","0.48974","0.46547","0.46547","0.46547","0.52744","0.52744","0.52744"
"69","0.38246","0.38246","0.38246","0.44513","0.44513","0.44513","0.03251","0.03251","0.03251","0.10274","0.10274","0.10274","0.06648","0.06648","0.06648","0.44227","0.44227","0.44227","0.45806","0.45806","0.45806","0.49034","0.49034","0.49034","0.45615","0.45615","0.45615","0.53701","0.53701","0.53701"
"70","0.35437","0.35437","0.35437","0.40033","0.40033","0.40033","0.0322","0.0322","0.0322","0.15273","0.15273","0.15273","0.1025","0.1025","0.1025","0.49519","0.49519","0.49519","0.46394","0.46394","0.46394","0.48448","0.48448","0.48448","0.45046","0.45046","0.45046","0.51683","0.51683","0.51683"
"71","0.34673","0.34673","0.34673","0.43449","0.43449","0.43449","0.02943","0.02943","0.02943","0.16864","0.16864","0.16864","0.09954","0.09954","0.09954","0.4729","0.4729","0.4729","0.4777","0.4777","0.4777","0.46275","0.46275","0.46275","0.51343","0.51343","0.51343","0.49742","0.49742","0.49742"
"72","0.37042","0.37042","0.37042","0.39821","0.39821","0.39821","0.06437","0.06437","0.06437","0.19994","0.19994","0.19994","0.08138","0.08138","0.08138","0.47739","0.47739","0.47739","0.50129","0.50129","0.50129","0.49088","0.49088","0.49088","0.47967","0.47967","0.47967","0.53252","0.53252","0.53252"
"73","0.33123","0.33123","0.33123","0.40643","0.40643","0.40643","0.05505","0.05505","0.05505","0.17128","0.17128","0.17128","0.13553","0.13553","0.13553","0.49548","0.49548","0.49548","0.50638","0.50638","0.50638","0.51096","0.51096","0.51096","0.46845","0.46845","0.46845","0.52932","0.52932","0.52932"
"74","0.40712","0.40712","0.40712","0.43866","0.43866","0.43866","0.06515","0.06515","0.06515","0.10669","0.10669","0.10669","0.18646","0.18646","0.18646","0.49286","0.49286","0.49286","0.49429","0.49429","0.49429","0.52417","0.52417","0.52417","0.50205","0.50205","0.50205","0.49228","0.49228","0.49228"
"75","0.36503","0.36503","0.36503","0.43526","0.43526","0.43526","0.03121","0.03121","0.03121","0.20444","0.20444","0.20444","0.13299","0.13299","0.13299","0.47133","0.47133","0.47133","0.47384","0.47384","0.47384","0.46826","0.46826","0.46826","0.48591","0.48591","0.48591","0.51119","0.51119","0.51119"
"76","0.33065","0.33065","0.33065","0.42922","0.42922","0.42922","0.06347","0.06347","0.06347","0.23584","0.23584","0.23584","0.10465","0.10465","0.10465","0.43474","0.43474","0.43474","0.45121","0.45121","0.45121","0.48598","0.48598","0.48598","0.46702","0.46702","0.46702","0.54413","0.54413","0.54413"
"77","0.29833","0.29833","0.29833","0.4309","0.4309","0.4309","0.06658","0.06658","0.06658","0.20744","0.20744","0.20744","0.14245","0.14245","0.14245","0.46912","0.46912","0.46912","0.45721","0.45721","0.45721","0.47546","0.47546","0.47546","0.48288","0.48288","0.48288","0.53845","0.53845","0.53845"
"78","0.36293","0.36293","0.36293","0.44499","0.44499","0.44499","0.06121","0.06121","0.06121","0.2897","0.2897","0.2897","0.20947","0.20947","0.20947","0.49693","0.49693","0.49693","0.45238","0.45238","0.45238","0.47201","0.47201","0.47201","0.45321","0.45321","0.45321","0.50844","0.50844","0.50844"
"79","0.33743","0.33743","0.33743","0.38641","0.38641","0.38641","0.06381","0.06381","0.06381","0.30927","0.30927","0.30927","0.21056","0.21056","0.21056","0.47899","0.47899","0.47899","0.47648","0.47648","0.47648","0.47959","0.47959","0.47959","0.48334","0.48334","0.48334","0.52716","0.52716","0.52716"
"80","0.31074","0.31074","0.31074","0.44583","0.44583","0.44583","0.03305","0.03305","0.03305","0.23791","0.23791","0.23791","0.23019","0.23019","0.23019","0.49915","0.49915","0.49915","0.4696","0.4696","0.4696","0.48363","0.48363","0.48363","0.45143","0.45143","0.45143","0.50064","0.50064","0.50064"
"81","0.36284","0.36284","0.36284","0.43616","0.43616","0.43616","0.06425","0.06425","0.06425","0.26306","0.26306","0.26306","0.19261","0.19261","0.19261","0.49955","0.49955","0.49955","0.49321","0.49321","0.49321","0.49732","0.49732","0.49732","0.47952","0.47952","0.47952","0.54461","0.54461","0.54461"
"82","0.38199","0.38199","0.38199","0.41514","0.41514","0.41514","0.05374","0.05374","0.05374","0.26307","0.26307","0.26307","0.19752","0.19752","0.19752","0.46359","0.46359","0.46359","0.4836","0.4836","0.4836","0.47985","0.47985","0.47985","0.47524","0.47524","0.47524","0.53379","0.53379","0.53379"
"83","0.37424","0.37424","0.37424","0.45505","0.45505","0.45505","0.05517","0.05517","0.05517","0.27331","0.27331","0.27331","0.21029","0.21029","0.21029","0.50204","0.50204","0.50204","0.47925","0.47925","0.47925","0.48275","0.48275","0.48275","0.46381","0.46381","0.46381","0.53966","0.53966","0.53966"
"84","0.3517","0.3517","0.3517","0.43719","0.43719","0.43719","0.03169","0.03169","0.03169","0.29534","0.29534","0.29534","0.14266","0.14266","0.14266","0.50194","0.50194","0.50194","0.46199","0.46199","0.46199","0.47915","0.47915","0.47915","0.48205","0.48205","0.48205","0.54059","0.54059","0.54059"
"85","0.34791","0.34791","0.34791","0.43972","0.43972","0.43972","0.06414","0.06414","0.06414","0.3152","0.3152","0.3152","0.21271","0.21271","0.21271","0.48489","0.48489","0.48489","0.50659","0.50659","0.50659","0.47775","0.47775","0.47775","0.48978","0.48978","0.48978","0.53032","0.53032","0.53032"
"86","0.37287","0.37287","0.37287","0.46694","0.46694","0.46694","0.06345","0.06345","0.06345","0.27015","0.27015","0.27015","0.17889","0.17889","0.17889","0.48831","0.48831","0.48831","0.48318","0.48318","0.48318","0.48065","0.48065","0.48065","0.47911","0.47911","0.47911","0.53186","0.53186","0.53186"
"87","0.29029","0.29029","0.29029","0.4833","0.4833","0.4833","0.02884","0.02884","0.02884","0.29861","0.29861","0.29861","0.25073","0.25073","0.25073","0.48256","0.48256","0.48256","0.46964","0.46964","0.46964","0.48597","0.48597","0.48597","0.49902","0.49902","0.49902","0.51787","0.51787","0.51787"
"88","0.38043","0.38043","0.38043","0.41129","0.41129","0.41129","0.06038","0.06038","0.06038","0.33551","0.33551","0.33551","0.28477","0.28477","0.28477","0.47901","0.47901","0.47901","0.48871","0.48871","0.48871","0.47173","0.47173","0.47173","0.49145","0.49145","0.49145","0.52936","0.52936","0.52936"
"89","0.37546","0.37546","0.37546","0.48198","0.48198","0.48198","0.03098","0.03098","0.03098","0.32455","0.32455","0.32455","0.25121","0.25121","0.25121","0.48362","0.48362","0.48362","0.469","0.469","0.469","0.47294","0.47294","0.47294","0.51382","0.51382","0.51382","0.47779","0.47779","0.47779"
"90","0.3897","0.3897","0.3897","0.41765","0.41765","0.41765","0.06606","0.06606","0.06606","0.3048","0.3048","0.3048","0.30434","0.30434","0.30434","0.47631","0.47631","0.47631","0.46167","0.46167","0.46167","0.45666","0.45666","0.45666","0.49927","0.49927","0.49927","0.54933","0.54933","0.54933"
"91","0.3518","0.3518","0.3518","0.44536","0.44536","0.44536","0.05816","0.05816","0.05816","0.31211","0.31211","0.31211","0.25631","0.25631","0.25631","0.50114","0.50114","0.50114","0.48235","0.48235","0.48235","0.49349","0.49349","0.49349","0.46584","0.46584","0.46584","0.54048","0.54048","0.54048"
"92","0.36998","0.36998","0.36998","0.48056","0.48056","0.48056","0.09143","0.09143","0.09143","0.31246","0.31246","0.31246","0.29074","0.29074","0.29074","0.48943","0.48943","0.48943","0.49094","0.49094","0.49094","0.47075","0.47075","0.47075","0.50215","0.50215","0.50215","0.52903","0.52903","0.52903"
"93","0.39166","0.39166","0.39166","0.47947","0.47947","0.47947","0.03023","0.03023","0.03023","0.33451","0.33451","0.33451","0.3347","0.3347","0.3347","0.48424","0.48424","0.48424","0.49248","0.49248","0.49248","0.48038","0.48038","0.48038","0.50222","0.50222","0.50222","0.52891","0.52891","0.52891"
"94","0.38977","0.38977","0.38977","0.48215","0.48215","0.48215","0.03198","0.03198","0.03198","0.37442","0.37442","0.37442","0.24916","0.24916","0.24916","0.50586","0.50586","0.50586","0.49851","0.49851","0.49851","0.47284","0.47284","0.47284","0.50894","0.50894","0.50894","0.5166","0.5166","0.5166"
"95","0.38113","0.38113","0.38113","0.47515","0.47515","0.47515","0.06243","0.06243","0.06243","0.33789","0.33789","0.33789","0.33976","0.33976","0.33976","0.47857","0.47857","0.47857","0.50267","0.50267","0.50267","0.49366","0.49366","0.49366","0.47351","0.47351","0.47351","0.54461","0.54461","0.54461"
"96","0.40376","0.40376","0.40376","0.42947","0.42947","0.42947","0.05701","0.05701","0.05701","0.35564","0.35564","0.35564","0.31175","0.31175","0.31175","0.48833","0.48833","0.48833","0.47336","0.47336","0.47336","0.47216","0.47216","0.47216","0.47468","0.47468","0.47468","0.53009","0.53009","0.53009"
"97","0.42271","0.42271","0.42271","0.47572","0.47572","0.47572","0.10509","0.10509","0.10509","0.33541","0.33541","0.33541","0.26563","0.26563","0.26563","0.48236","0.48236","0.48236","0.46848","0.46848","0.46848","0.46798","0.46798","0.46798","0.47684","0.47684","0.47684","0.53407","0.53407","0.53407"
"98","0.36378","0.36378","0.36378","0.43848","0.43848","0.43848","0.04827","0.04827","0.04827","0.3489","0.3489","0.3489","0.32655","0.32655","0.32655","0.49571","0.49571","0.49571","0.49647","0.49647","0.49647","0.48081","0.48081","0.48081","0.5016","0.5016","0.5016","0.53331","0.53331","0.53331"
"99","0.40601","0.40601","0.40601","0.41351","0.41351","0.41351","0.06554","0.06554","0.06554","0.36678","0.36678","0.36678","0.33549","0.33549","0.33549","0.48288","0.48288","0.48288","0.5064","0.5064","0.5064","0.47619","0.47619","0.47619","0.48181","0.48181","0.48181","0.53264","0.53264","0.53264"
"100","0.41501","0.41501","0.41501","0.48419","0.48419","0.48419","0.08926","0.08926","0.08926","0.38473","0.38473","0.38473","0.31235","0.31235","0.31235","0.48841","0.48841","0.48841","0.49375","0.49375","0.49375","0.49745","0.49745","0.49745","0.50337","0.50337","0.50337","0.53","0.53","0.53"
"101","0.3706","0.3706","0.3706","0.48694","0.48694","0.48694","0.0477","0.0477","0.0477","0.37005","0.37005","0.37005","0.32127","0.32127","0.32127","0.48116","0.48116","0.48116","0.50379","0.50379","0.50379","0.47311","0.47311","0.47311","0.4761","0.4761","0.4761","0.51374","0.51374","0.51374"
"102","0.40101","0.40101","0.40101","0.48421","0.48421","0.48421","0.02743","0.02743","0.02743","0.33627","0.33627","0.33627","0.31592","0.31592","0.31592","0.52201","0.52201","0.52201","0.50117","0.50117","0.50117","0.48502","0.48502","0.48502","0.52169","0.52169","0.52169","0.53823","0.53823","0.53823"
"103","0.37447","0.37447","0.37447","0.47923","0.47923","0.47923","0.06553","0.06553","0.06553","0.36688","0.36688","0.36688","0.36565","0.36565","0.36565","0.49417","0.49417","0.49417","0.47744","0.47744","0.47744","0.48405","0.48405","0.48405","0.48175","0.48175","0.48175","0.54555","0.54555","0.54555"
"104","0.38821","0.38821","0.38821","0.4842","0.4842","0.4842","0.06285","0.06285","0.06285","0.36882","0.36882","0.36882","0.31634","0.31634","0.31634","0.48873","0.48873","0.48873","0.48593","0.48593","0.48593","0.48383","0.48383","0.48383","0.49275","0.49275","0.49275","0.54453","0.54453","0.54453"
"105","0.40286","0.40286","0.40286","0.45817","0.45817","0.45817","0.09829","0.09829","0.09829","0.38667","0.38667","0.38667","0.36182","0.36182","0.36182","0.4845","0.4845","0.4845","0.48999","0.48999","0.48999","0.49046","0.49046","0.49046","0.48546","0.48546","0.48546","0.54024","0.54024","0.54024"
"106","0.35917","0.35917","0.35917","0.4894","0.4894","0.4894","0.06679","0.06679","0.06679","0.3934","0.3934","0.3934","0.37991","0.37991","0.37991","0.50151","0.50151","0.50151","0.50512","0.50512","0.50512","0.49572","0.49572","0.49572","0.48659","0.48659","0.48659","0.53994","0.53994","0.53994"
"107","0.40816","0.40816","0.40816","0.49751","0.49751","0.49751","0.09429","0.09429","0.09429","0.36614","0.36614","0.36614","0.38788","0.38788","0.38788","0.49942","0.49942","0.49942","0.49348","0.49348","0.49348","0.49349","0.49349","0.49349","0.50401","0.50401","0.50401","0.52364","0.52364","0.52364"
"108","0.39342","0.39342","0.39342","0.48698","0.48698","0.48698","0.03142","0.03142","0.03142","0.3772","0.3772","0.3772","0.39005","0.39005","0.39005","0.4882","0.4882","0.4882","0.5022","0.5022","0.5022","0.48768","0.48768","0.48768","0.48014","0.48014","0.48014","0.52818","0.52818","0.52818"
"109","0.39181","0.39181","0.39181","0.4525","0.4525","0.4525","0.07399","0.07399","0.07399","0.35901","0.35901","0.35901","0.3767","0.3767","0.3767","0.49214","0.49214","0.49214","0.48682","0.48682","0.48682","0.46737","0.46737","0.46737","0.47057","0.47057","0.47057","0.51302","0.51302","0.51302"
"110","0.42772","0.42772","0.42772","0.4893","0.4893","0.4893","0.09893","0.09893","0.09893","0.39213","0.39213","0.39213","0.36075","0.36075","0.36075","0.50836","0.50836","0.50836","0.48942","0.48942","0.48942","0.504","0.504","0.504","0.48958","0.48958","0.48958","0.53345","0.53345","0.53345"
"111","0.34071","0.34071","0.34071","0.48792","0.48792","0.48792","0.06649","0.06649","0.06649","0.39141","0.39141","0.39141","0.35358","0.35358","0.35358","0.49266","0.49266","0.49266","0.48072","0.48072","0.48072","0.44923","0.44923","0.44923","0.50404","0.50404","0.50404","0.53796","0.53796","0.53796"
"112","0.43113","0.43113","0.43113","0.47591","0.47591","0.47591","0.06471","0.06471","0.06471","0.39705","0.39705","0.39705","0.34821","0.34821","0.34821","0.48357","0.48357","0.48357","0.49193","0.49193","0.49193","0.47457","0.47457","0.47457","0.4672","0.4672","0.4672","0.53544","0.53544","0.53544"
"113","0.385","0.385","0.385","0.49805","0.49805","0.49805","0.09392","0.09392","0.09392","0.38125","0.38125","0.38125","0.35156","0.35156","0.35156","0.50054","0.50054","0.50054","0.50941","0.50941","0.50941","0.47679","0.47679","0.47679","0.49763","0.49763","0.49763","0.53676","0.53676","0.53676"
"114","0.36465","0.36465","0.36465","0.48347","0.48347","0.48347","0.09868","0.09868","0.09868","0.4035","0.4035","0.4035","0.37267","0.37267","0.37267","0.49557","0.49557","0.49557","0.49197","0.49197","0.49197","0.46854","0.46854","0.46854","0.49265","0.49265","0.49265","0.54798","0.54798","0.54798"
"115","0.37046","0.37046","0.37046","0.48807","0.48807","0.48807","0.08047","0.08047","0.08047","0.39443","0.39443","0.39443","0.34371","0.34371","0.34371","0.47617","0.47617","0.47617","0.49384","0.49384","0.49384","0.46846","0.46846","0.46846","0.48973","0.48973","0.48973","0.54262","0.54262","0.54262"
"116","0.3767","0.3767","0.3767","0.48869","0.48869","0.48869","0.09018","0.09018","0.09018","0.39368","0.39368","0.39368","0.33367","0.33367","0.33367","0.49834","0.49834","0.49834","0.49936","0.49936","0.49936","0.47274","0.47274","0.47274","0.49586","0.49586","0.49586","0.53523","0.53523","0.53523"
"117","0.40662","0.40662","0.40662","0.49303","0.49303","0.49303","0.03302","0.03302","0.03302","0.39494","0.39494","0.39494","0.36142","0.36142","0.36142","0.50056","0.50056","0.50056","0.49617","0.49617","0.49617","0.49023","0.49023","0.49023","0.50078","0.50078","0.50078","0.54038","0.54038","0.54038"
"118","0.39558","0.39558","0.39558","0.48543","0.48543","0.48543","0.03005","0.03005","0.03005","0.40304","0.40304","0.40304","0.36962","0.36962","0.36962","0.48289","0.48289","0.48289","0.48715","0.48715","0.48715","0.47978","0.47978","0.47978","0.49435","0.49435","0.49435","0.53539","0.53539","0.53539"
"119","0.39563","0.39563","0.39563","0.47454","0.47454","0.47454","0.05066","0.05066","0.05066","0.39769","0.39769","0.39769","0.36608","0.36608","0.36608","0.49017","0.49017","0.49017","0.48845","0.48845","0.48845","0.47789","0.47789","0.47789","0.49333","0.49333","0.49333","0.55469","0.55469","0.55469"
"120","0.41771","0.41771","0.41771","0.48679","0.48679","0.48679","0.03237","0.03237","0.03237","0.35834","0.35834","0.35834","0.33251","0.33251","0.33251","0.48076","0.48076","0.48076","0.48021","0.48021","0.48021","0.47878","0.47878","0.47878","0.49251","0.49251","0.49251","0.53962","0.53962","0.53962"
"121","0.4068","0.4068","0.4068","0.4834","0.4834","0.4834","0.06751","0.06751","0.06751","0.3817","0.3817","0.3817","0.3652","0.3652","0.3652","0.4804","0.4804","0.4804","0.47512","0.47512","0.47512","0.48216","0.48216","0.48216","0.49775","0.49775","0.49775","0.54278","0.54278","0.54278"
"122","0.41571","0.41571","0.41571","0.4842","0.4842","0.4842","0.06309","0.06309","0.06309","0.407","0.407","0.407","0.38181","0.38181","0.38181","0.478","0.478","0.478","0.49557","0.49557","0.49557","0.47957","0.47957","0.47957","0.50438","0.50438","0.50438","0.51879","0.51879","0.51879"
"123","0.40582","0.40582","0.40582","0.49207","0.49207","0.49207","0.09699","0.09699","0.09699","0.38697","0.38697","0.38697","0.3659","0.3659","0.3659","0.49231","0.49231","0.49231","0.49084","0.49084","0.49084","0.49184","0.49184","0.49184","0.47505","0.47505","0.47505","0.52923","0.52923","0.52923"
"124","0.42217","0.42217","0.42217","0.49458","0.49458","0.49458","0.09728","0.09728","0.09728","0.39288","0.39288","0.39288","0.37173","0.37173","0.37173","0.49512","0.49512","0.49512","0.48027","0.48027","0.48027","0.49238","0.49238","0.49238","0.50456","0.50456","0.50456","0.53502","0.53502","0.53502"
"125","0.41274","0.41274","0.41274","0.49354","0.49354","0.49354","0.1243","0.1243","0.1243","0.4309","0.4309","0.4309","0.35774","0.35774","0.35774","0.49294","0.49294","0.49294","0.50574","0.50574","0.50574","0.504","0.504","0.504","0.50015","0.50015","0.50015","0.54489","0.54489","0.54489"
"126","0.4124","0.4124","0.4124","0.49194","0.49194","0.49194","0.12978","0.12978","0.12978","0.40606","0.40606","0.40606","0.39562","0.39562","0.39562","0.50028","0.50028","0.50028","0.5009","0.5009","0.5009","0.49359","0.49359","0.49359","0.4925","0.4925","0.4925","0.53405","0.53405","0.53405"
"127","0.39028","0.39028","0.39028","0.50058","0.50058","0.50058","0.09814","0.09814","0.09814","0.3895","0.3895","0.3895","0.37631","0.37631","0.37631","0.50366","0.50366","0.50366","0.49061","0.49061","0.49061","0.4893","0.4893","0.4893","0.51202","0.51202","0.51202","0.54317","0.54317","0.54317"
"128","0.40723","0.40723","0.40723","0.48648","0.48648","0.48648","0.09833","0.09833","0.09833","0.39355","0.39355","0.39355","0.39396","0.39396","0.39396","0.48529","0.48529","0.48529","0.49596","0.49596","0.49596","0.4939","0.4939","0.4939","0.50501","0.50501","0.50501","0.53353","0.53353","0.53353"
"129","0.39688","0.39688","0.39688","0.47259","0.47259","0.47259","0.05563","0.05563","0.05563","0.39656","0.39656","0.39656","0.36183","0.36183","0.36183","0.48941","0.48941","0.48941","0.49994","0.49994","0.49994","0.49538","0.49538","0.49538","0.50765","0.50765","0.50765","0.54833","0.54833","0.54833"
"130","0.42467","0.42467","0.42467","0.47789","0.47789","0.47789","0.07978","0.07978","0.07978","0.38676","0.38676","0.38676","0.35951","0.35951","0.35951","0.49463","0.49463","0.49463","0.49293","0.49293","0.49293","0.48335","0.48335","0.48335","0.51177","0.51177","0.51177","0.55421","0.55421","0.55421"
"131","0.41004","0.41004","0.41004","0.48019","0.48019","0.48019","0.06498","0.06498","0.06498","0.38249","0.38249","0.38249","0.37352","0.37352","0.37352","0.48704","0.48704","0.48704","0.48881","0.48881","0.48881","0.48332","0.48332","0.48332","0.50383","0.50383","0.50383","0.54752","0.54752","0.54752"
"132","0.38561","0.38561","0.38561","0.49117","0.49117","0.49117","0.11283","0.11283","0.11283","0.38527","0.38527","0.38527","0.37654","0.37654","0.37654","0.48084","0.48084","0.48084","0.4911","0.4911","0.4911","0.49651","0.49651","0.49651","0.50631","0.50631","0.50631","0.53711","0.53711","0.53711"
"133","0.43827","0.43827","0.43827","0.48271","0.48271","0.48271","0.09659","0.09659","0.09659","0.42117","0.42117","0.42117","0.3765","0.3765","0.3765","0.49511","0.49511","0.49511","0.51274","0.51274","0.51274","0.49763","0.49763","0.49763","0.51448","0.51448","0.51448","0.53431","0.53431","0.53431"
"134","0.40307","0.40307","0.40307","0.47848","0.47848","0.47848","0.09197","0.09197","0.09197","0.39354","0.39354","0.39354","0.38052","0.38052","0.38052","0.51268","0.51268","0.51268","0.4885","0.4885","0.4885","0.48136","0.48136","0.48136","0.52235","0.52235","0.52235","0.54251","0.54251","0.54251"
"135","0.42658","0.42658","0.42658","0.48991","0.48991","0.48991","0.05678","0.05678","0.05678","0.38738","0.38738","0.38738","0.38573","0.38573","0.38573","0.50106","0.50106","0.50106","0.48587","0.48587","0.48587","0.48398","0.48398","0.48398","0.50235","0.50235","0.50235","0.54244","0.54244","0.54244"
"136","0.41189","0.41189","0.41189","0.50968","0.50968","0.50968","0.06515","0.06515","0.06515","0.39207","0.39207","0.39207","0.39331","0.39331","0.39331","0.51029","0.51029","0.51029","0.50011","0.50011","0.50011","0.50717","0.50717","0.50717","0.51619","0.51619","0.51619","0.54433","0.54433","0.54433"
"137","0.42078","0.42078","0.42078","0.50564","0.50564","0.50564","0.11501","0.11501","0.11501","0.43099","0.43099","0.43099","0.38956","0.38956","0.38956","0.51147","0.51147","0.51147","0.50736","0.50736","0.50736","0.51141","0.51141","0.51141","0.50351","0.50351","0.50351","0.5387","0.5387","0.5387"
"138","0.42689","0.42689","0.42689","0.53049","0.53049","0.53049","0.09925","0.09925","0.09925","0.39158","0.39158","0.39158","0.3713","0.3713","0.3713","0.47675","0.47675","0.47675","0.51494","0.51494","0.51494","0.48581","0.48581","0.48581","0.52114","0.52114","0.52114","0.53582","0.53582","0.53582"
"139","0.41252","0.41252","0.41252","0.53259","0.53259","0.53259","0.06442","0.06442","0.06442","0.44057","0.44057","0.44057","0.36757","0.36757","0.36757","0.48887","0.48887","0.48887","0.51322","0.51322","0.51322","0.49742","0.49742","0.49742","0.5092","0.5092","0.5092","0.54","0.54","0.54"
"140","0.42518","0.42518","0.42518","0.49384","0.49384","0.49384","0.11604","0.11604","0.11604","0.4218","0.4218","0.4218","0.38302","0.38302","0.38302","0.48494","0.48494","0.48494","0.50687","0.50687","0.50687","0.49154","0.49154","0.49154","0.50608","0.50608","0.50608","0.54726","0.54726","0.54726"
"141","0.42811","0.42811","0.42811","0.48343","0.48343","0.48343","0.12383","0.12383","0.12383","0.3896","0.3896","0.3896","0.37583","0.37583","0.37583","0.50609","0.50609","0.50609","0.49492","0.49492","0.49492","0.47769","0.47769","0.47769","0.50473","0.50473","0.50473","0.54471","0.54471","0.54471"
"142","0.44095","0.44095","0.44095","0.48875","0.48875","0.48875","0.12797","0.12797","0.12797","0.43706","0.43706","0.43706","0.3942","0.3942","0.3942","0.49411","0.49411","0.49411","0.49681","0.49681","0.49681","0.50478","0.50478","0.50478","0.5087","0.5087","0.5087","0.54898","0.54898","0.54898"
"143","0.43827","0.43827","0.43827","0.47742","0.47742","0.47742","0.0942","0.0942","0.0942","0.4276","0.4276","0.4276","0.38816","0.38816","0.38816","0.48873","0.48873","0.48873","0.50666","0.50666","0.50666","0.50023","0.50023","0.50023","0.49602","0.49602","0.49602","0.52608","0.52608","0.52608"
"144","0.40647","0.40647","0.40647","0.49091","0.49091","0.49091","0.09501","0.09501","0.09501","0.4687","0.4687","0.4687","0.39152","0.39152","0.39152","0.48408","0.48408","0.48408","0.49723","0.49723","0.49723","0.49901","0.49901","0.49901","0.51018","0.51018","0.51018","0.54469","0.54469","0.54469"
"145","0.42592","0.42592","0.42592","0.48011","0.48011","0.48011","0.0966","0.0966","0.0966","0.43572","0.43572","0.43572","0.38859","0.38859","0.38859","0.49237","0.49237","0.49237","0.4942","0.4942","0.4942","0.49757","0.49757","0.49757","0.49746","0.49746","0.49746","0.54637","0.54637","0.54637"
"146","0.43506","0.43506","0.43506","0.46903","0.46903","0.46903","0.06515","0.06515","0.06515","0.42943","0.42943","0.42943","0.38343","0.38343","0.38343","0.49826","0.49826","0.49826","0.50154","0.50154","0.50154","0.49022","0.49022","0.49022","0.51326","0.51326","0.51326","0.53056","0.53056","0.53056"
"147","0.34398","0.34398","0.34398","0.48853","0.48853","0.48853","0.06521","0.06521","0.06521","0.40057","0.40057","0.40057","0.38755","0.38755","0.38755","0.50153","0.50153","0.50153","0.50878","0.50878","0.50878","0.50339","0.50339","0.50339","0.50489","0.50489","0.50489","0.54812","0.54812","0.54812"
"148","0.39852","0.39852","0.39852","0.49949","0.49949","0.49949","0.08773","0.08773","0.08773","0.41447","0.41447","0.41447","0.3888","0.3888","0.3888","0.50186","0.50186","0.50186","0.50566","0.50566","0.50566","0.50875","0.50875","0.50875","0.51045","0.51045","0.51045","0.54527","0.54527","0.54527"
"149","0.4317","0.4317","0.4317","0.48389","0.48389","0.48389","0.09794","0.09794","0.09794","0.4229","0.4229","0.4229","0.39501","0.39501","0.39501","0.50833","0.50833","0.50833","0.51377","0.51377","0.51377","0.50024","0.50024","0.50024","0.50709","0.50709","0.50709","0.54438","0.54438","0.54438"
"150","0.44347","0.44347","0.44347","0.49585","0.49585","0.49585","0.07277","0.07277","0.07277","0.39462","0.39462","0.39462","0.40023","0.40023","0.40023","0.50199","0.50199","0.50199","0.50569","0.50569","0.50569","0.50573","0.50573","0.50573","0.51582","0.51582","0.51582","0.54056","0.54056","0.54056"
"151","0.44039","0.44039","0.44039","0.49382","0.49382","0.49382","0.0938","0.0938","0.0938","0.44026","0.44026","0.44026","0.39832","0.39832","0.39832","0.498","0.498","0.498","0.51735","0.51735","0.51735","0.502","0.502","0.502","0.50948","0.50948","0.50948","0.54068","0.54068","0.54068"
"152","0.41552","0.41552","0.41552","0.49447","0.49447","0.49447","0.07805","0.07805","0.07805","0.40198","0.40198","0.40198","0.39733","0.39733","0.39733","0.50649","0.50649","0.50649","0.50763","0.50763","0.50763","0.49796","0.49796","0.49796","0.50373","0.50373","0.50373","0.54583","0.54583","0.54583"
"153","0.42955","0.42955","0.42955","0.50709","0.50709","0.50709","0.08039","0.08039","0.08039","0.39364","0.39364","0.39364","0.39956","0.39956","0.39956","0.49059","0.49059","0.49059","0.51912","0.51912","0.51912","0.5101","0.5101","0.5101","0.49924","0.49924","0.49924","0.54629","0.54629","0.54629"
"154","0.40728","0.40728","0.40728","0.49571","0.49571","0.49571","0.09868","0.09868","0.09868","0.43308","0.43308","0.43308","0.39791","0.39791","0.39791","0.49119","0.49119","0.49119","0.50614","0.50614","0.50614","0.49269","0.49269","0.49269","0.48649","0.48649","0.48649","0.54126","0.54126","0.54126"
"155","0.43721","0.43721","0.43721","0.49853","0.49853","0.49853","0.11508","0.11508","0.11508","0.40488","0.40488","0.40488","0.39308","0.39308","0.39308","0.49767","0.49767","0.49767","0.50547","0.50547","0.50547","0.49609","0.49609","0.49609","0.49496","0.49496","0.49496","0.54396","0.54396","0.54396"
"156","0.41898","0.41898","0.41898","0.4871","0.4871","0.4871","0.0537","0.0537","0.0537","0.40075","0.40075","0.40075","0.40616","0.40616","0.40616","0.48706","0.48706","0.48706","0.50009","0.50009","0.50009","0.50179","0.50179","0.50179","0.51074","0.51074","0.51074","0.53354","0.53354","0.53354"
"157","0.42631","0.42631","0.42631","0.49668","0.49668","0.49668","0.09963","0.09963","0.09963","0.3957","0.3957","0.3957","0.38996","0.38996","0.38996","0.48185","0.48185","0.48185","0.49555","0.49555","0.49555","0.49937","0.49937","0.49937","0.51073","0.51073","0.51073","0.55467","0.55467","0.55467"
"158","0.43041","0.43041","0.43041","0.49774","0.49774","0.49774","0.09915","0.09915","0.09915","0.42837","0.42837","0.42837","0.39715","0.39715","0.39715","0.48818","0.48818","0.48818","0.49658","0.49658","0.49658","0.48689","0.48689","0.48689","0.52873","0.52873","0.52873","0.5413","0.5413","0.5413"
"159","0.42387","0.42387","0.42387","0.47015","0.47015","0.47015","0.09742","0.09742","0.09742","0.39622","0.39622","0.39622","0.38997","0.38997","0.38997","0.49737","0.49737","0.49737","0.50742","0.50742","0.50742","0.50116","0.50116","0.50116","0.51207","0.51207","0.51207","0.55357","0.55357","0.55357"
"160","0.41576","0.41576","0.41576","0.4841","0.4841","0.4841","0.11415","0.11415","0.11415","0.40174","0.40174","0.40174","0.38627","0.38627","0.38627","0.49002","0.49002","0.49002","0.50141","0.50141","0.50141","0.49837","0.49837","0.49837","0.52163","0.52163","0.52163","0.5489","0.5489","0.5489"
"161","0.38694","0.38694","0.38694","0.50906","0.50906","0.50906","0.10639","0.10639","0.10639","0.43478","0.43478","0.43478","0.39308","0.39308","0.39308","0.48445","0.48445","0.48445","0.51029","0.51029","0.51029","0.50029","0.50029","0.50029","0.51277","0.51277","0.51277","0.53921","0.53921","0.53921"
"162","0.43123","0.43123","0.43123","0.49072","0.49072","0.49072","0.11999","0.11999","0.11999","0.42578","0.42578","0.42578","0.43037","0.43037","0.43037","0.48556","0.48556","0.48556","0.49718","0.49718","0.49718","0.49703","0.49703","0.49703","0.51762","0.51762","0.51762","0.54698","0.54698","0.54698"
"163","0.42635","0.42635","0.42635","0.48612","0.48612","0.48612","0.13171","0.13171","0.13171","0.39666","0.39666","0.39666","0.38064","0.38064","0.38064","0.48467","0.48467","0.48467","0.49849","0.49849","0.49849","0.50697","0.50697","0.50697","0.50553","0.50553","0.50553","0.54446","0.54446","0.54446"
"164","0.42977","0.42977","0.42977","0.49181","0.49181","0.49181","0.06446","0.06446","0.06446","0.40239","0.40239","0.40239","0.39767","0.39767","0.39767","0.49292","0.49292","0.49292","0.50906","0.50906","0.50906","0.52481","0.52481","0.52481","0.50245","0.50245","0.50245","0.54968","0.54968","0.54968"
"165","0.42073","0.42073","0.42073","0.49159","0.49159","0.49159","0.08159","0.08159","0.08159","0.41833","0.41833","0.41833","0.39381","0.39381","0.39381","0.4925","0.4925","0.4925","0.51279","0.51279","0.51279","0.50952","0.50952","0.50952","0.51893","0.51893","0.51893","0.54759","0.54759","0.54759"
"166","0.44006","0.44006","0.44006","0.50327","0.50327","0.50327","0.07296","0.07296","0.07296","0.43293","0.43293","0.43293","0.39165","0.39165","0.39165","0.50536","0.50536","0.50536","0.51811","0.51811","0.51811","0.50705","0.50705","0.50705","0.52085","0.52085","0.52085","0.54425","0.54425","0.54425"
"167","0.42912","0.42912","0.42912","0.48509","0.48509","0.48509","0.07518","0.07518","0.07518","0.46013","0.46013","0.46013","0.39286","0.39286","0.39286","0.50458","0.50458","0.50458","0.50896","0.50896","0.50896","0.48886","0.48886","0.48886","0.51869","0.51869","0.51869","0.54579","0.54579","0.54579"
"168","0.43575","0.43575","0.43575","0.50523","0.50523","0.50523","0.0972","0.0972","0.0972","0.43238","0.43238","0.43238","0.39806","0.39806","0.39806","0.51144","0.51144","0.51144","0.50517","0.50517","0.50517","0.51146","0.51146","0.51146","0.52613","0.52613","0.52613","0.53958","0.53958","0.53958"
"169","0.42509","0.42509","0.42509","0.48894","0.48894","0.48894","0.09053","0.09053","0.09053","0.43056","0.43056","0.43056","0.40064","0.40064","0.40064","0.50177","0.50177","0.50177","0.51555","0.51555","0.51555","0.50193","0.50193","0.50193","0.52365","0.52365","0.52365","0.55334","0.55334","0.55334"
"170","0.4443","0.4443","0.4443","0.49881","0.49881","0.49881","0.08812","0.08812","0.08812","0.43153","0.43153","0.43153","0.39404","0.39404","0.39404","0.50366","0.50366","0.50366","0.50663","0.50663","0.50663","0.49774","0.49774","0.49774","0.51774","0.51774","0.51774","0.54204","0.54204","0.54204"
"171","0.43122","0.43122","0.43122","0.49342","0.49342","0.49342","0.10974","0.10974","0.10974","0.39895","0.39895","0.39895","0.43195","0.43195","0.43195","0.48119","0.48119","0.48119","0.51484","0.51484","0.51484","0.48909","0.48909","0.48909","0.5098","0.5098","0.5098","0.53673","0.53673","0.53673"
"172","0.44912","0.44912","0.44912","0.48872","0.48872","0.48872","0.09839","0.09839","0.09839","0.41256","0.41256","0.41256","0.41585","0.41585","0.41585","0.48956","0.48956","0.48956","0.504","0.504","0.504","0.48951","0.48951","0.48951","0.51379","0.51379","0.51379","0.54177","0.54177","0.54177"
"173","0.44665","0.44665","0.44665","0.49734","0.49734","0.49734","0.12491","0.12491","0.12491","0.39665","0.39665","0.39665","0.42857","0.42857","0.42857","0.48538","0.48538","0.48538","0.50529","0.50529","0.50529","0.50056","0.50056","0.50056","0.50615","0.50615","0.50615","0.54818","0.54818","0.54818"
"174","0.47523","0.47523","0.47523","0.50564","0.50564","0.50564","0.10135","0.10135","0.10135","0.44509","0.44509","0.44509","0.38388","0.38388","0.38388","0.49749","0.49749","0.49749","0.49432","0.49432","0.49432","0.5243532659141631","0.5243532659141631","0.5243532659141631","0.51112","0.51112","0.51112","0.54668","0.54668","0.54668"
"175","0.43708","0.43708","0.43708","0.49776","0.49776","0.49776","0.07297","0.07297","0.07297","0.44268","0.44268","0.44268","0.43871","0.43871","0.43871","0.49951","0.49951","0.49951","0.51018","0.51018","0.51018","","","","0.51766","0.51766","0.51766","0.54624","0.54624","0.54624"
"176","0.42578","0.42578","0.42578","0.49191","0.49191","0.49191","0.07536","0.07536","0.07536","0.42855","0.42855","0.42855","0.42544","0.42544","0.42544","0.49958","0.49958","0.49958","0.50242","0.50242","0.50242","","","","0.51569","0.51569","0.51569","0.54951","0.54951","0.54951"
"177","0.46926","0.46926","0.46926","0.49167","0.49167","0.49167","0.08897","0.08897","0.08897","0.41057","0.41057","0.41057","0.42828","0.42828","0.42828","0.49911","0.49911","0.49911","0.50417","0.50417","0.50417","","","","0.51821","0.51821","0.51821","0.55273","0.55273","0.55273"
"178","0.42474","0.42474","0.42474","0.49441","0.49441","0.49441","0.13293","0.13293","0.13293","0.44562","0.44562","0.44562","0.3972","0.3972","0.3972","0.50997","0.50997","0.50997","0.51517","0.51517","0.51517","","","","0.53474","0.53474","0.53474","0.54904","0.54904","0.54904"
"179","0.46856","0.46856","0.46856","0.50105","0.50105","0.50105","0.12227","0.12227","0.12227","0.43062","0.43062","0.43062","0.43255","0.43255","0.43255","0.50282","0.50282","0.50282","0.51468","0.51468","0.51468","","","","0.50912","0.50912","0.50912","0.54336","0.54336","0.54336"
"180","0.43247","0.43247","0.43247","0.50573","0.50573","0.50573","0.12496","0.12496","0.12496","0.42303","0.42303","0.42303","0.41881","0.41881","0.41881","0.50967","0.50967","0.50967","0.50442","0.50442","0.50442","","","","0.51451","0.51451","0.51451","0.54458","0.54458","0.54458"
"181","0.43772","0.43772","0.43772","0.50005","0.50005","0.50005","0.06614","0.06614","0.06614","0.42","0.42","0.42","0.41374","0.41374","0.41374","0.51348","0.51348","0.51348","0.50756","0.50756","0.50756","","","","0.51841","0.51841","0.51841","0.55223","0.55223","0.55223"
"182","0.44448","0.44448","0.44448","0.49725","0.49725","0.49725","0.11642","0.11642","0.11642","0.41172","0.41172","0.41172","0.39914","0.39914","0.39914","0.49528","0.49528","0.49528","0.52182","0.52182","0.52182","","","","0.50858","0.50858","0.50858","0.55136","0.55136","0.55136"
"183","0.44121","0.44121","0.44121","0.50959","0.50959","0.50959","0.07872","0.07872","0.07872","0.42842","0.42842","0.42842","0.41149","0.41149","0.41149","0.49782","0.49782","0.49782","0.5205","0.5205","0.5205","","","","0.50358","0.50358","0.50358","0.54861","0.54861","0.54861"
"184","0.45117","0.45117","0.45117","0.49642","0.49642","0.49642","0.07855","0.07855","0.07855","0.418","0.418","0.418","0.42997","0.42997","0.42997","0.50278","0.50278","0.50278","0.50445","0.50445","0.50445","","","","0.51716","0.51716","0.51716","0.54534","0.54534","0.54534"
"185","0.44094","0.44094","0.44094","0.49139","0.49139","0.49139","0.10414","0.10414","0.10414","0.45791","0.45791","0.45791","0.43075","0.43075","0.43075","0.50483","0.50483","0.50483","0.52653","0.52653","0.52653","","","","0.52191","0.52191","0.52191","0.55378","0.55378","0.55378"
"186","0.42584","0.42584","0.42584","0.4974","0.4974","0.4974","0.11609","0.11609","0.11609","0.44276","0.44276","0.44276","0.39942","0.39942","0.39942","0.51593","0.51593","0.51593","0.51864","0.51864","0.51864","","","","0.51955","0.51955","0.51955","0.54454","0.54454","0.54454"
"187","0.42968","0.42968","0.42968","0.49005","0.49005","0.49005","0.08268","0.08268","0.08268","0.43134","0.43134","0.43134","0.39914","0.39914","0.39914","0.5044","0.5044","0.5044","0.51526","0.51526","0.51526","","","","0.51037","0.51037","0.51037","0.54797","0.54797","0.54797"
"188","0.43426","0.43426","0.43426","0.50055","0.50055","0.50055","0.0523","0.0523","0.0523","0.47233","0.47233","0.47233","0.46574","0.46574","0.46574","0.49528","0.49528","0.49528","0.50463","0.50463","0.50463","","","","0.52242","0.52242","0.52242","0.55056","0.55056","0.55056"
"189","0.4501","0.4501","0.4501","0.50399","0.50399","0.50399","0.06581","0.06581","0.06581","0.44393","0.44393","0.44393","0.40832","0.40832","0.40832","0.50516","0.50516","0.50516","0.51696","0.51696","0.51696","","","","0.50947","0.50947","0.50947","0.54453","0.54453","0.54453"
"190","0.47314","0.47314","0.47314","0.4963","0.4963","0.4963","0.08801","0.08801","0.08801","0.4341","0.4341","0.4341","0.43879","0.43879","0.43879","0.5057","0.5057","0.5057","0.51995","0.51995","0.51995","","","","0.51811","0.51811","0.51811","0.55406","0.55406","0.55406"
"191","0.43136","0.43136","0.43136","0.5015","0.5015","0.5015","0.13189","0.13189","0.13189","0.43724","0.43724","0.43724","0.40361","0.40361","0.40361","0.50585","0.50585","0.50585","0.51623","0.51623","0.51623","","","","0.52244","0.52244","0.52244","0.54526","0.54526","0.54526"
"192","0.42819","0.42819","0.42819","0.50688","0.50688","0.50688","0.10439","0.10439","0.10439","0.42589","0.42589","0.42589","0.42638","0.42638","0.42638","0.50046","0.50046","0.50046","0.51548","0.51548","0.51548","","","","0.51552","0.51552","0.51552","0.54163","0.54163","0.54163"
"193","0.40897","0.40897","0.40897","0.51607","0.51607","0.51607","0.07658","0.07658","0.07658","0.42808","0.42808","0.42808","0.43427","0.43427","0.43427","0.49389","0.49389","0.49389","0.51057","0.51057","0.51057","","","","0.5221","0.5221","0.5221","0.53459","0.53459","0.53459"
"194","0.42478","0.42478","0.42478","0.51476","0.51476","0.51476","0.11448","0.11448","0.11448","0.42941","0.42941","0.42941","0.49562","0.49562","0.49562","0.51647","0.51647","0.51647","0.52034","0.52034","0.52034","","","","0.51491","0.51491","0.51491","0.54387","0.54387","0.54387"
"195","0.43858","0.43858","0.43858","0.50334","0.50334","0.50334","0.06624","0.06624","0.06624","0.42288","0.42288","0.42288","0.48143","0.48143","0.48143","0.5125","0.5125","0.5125","0.52023","0.52023","0.52023","","","","0.51353","0.51353","0.51353","0.54777","0.54777","0.54777"
"196","0.43295","0.43295","0.43295","0.50844","0.50844","0.50844","0.11532","0.11532","0.11532","0.44664","0.44664","0.44664","0.48807","0.48807","0.48807","0.50896","0.50896","0.50896","0.51316","0.51316","0.51316","","","","0.51767","0.51767","0.51767","0.5509","0.5509","0.5509"
"197","0.43601","0.43601","0.43601","0.49306","0.49306","0.49306","0.04798","0.04798","0.04798","0.46861","0.46861","0.46861","0.49955","0.49955","0.49955","0.50648","0.50648","0.50648","0.51506","0.51506","0.51506","","","","0.50957","0.50957","0.50957","0.54325","0.54325","0.54325"
"198","0.43233","0.43233","0.43233","0.49968","0.49968","0.49968","0.12072","0.12072","0.12072","0.41212","0.41212","0.41212","0.47276","0.47276","0.47276","0.51759","0.51759","0.51759","0.51787","0.51787","0.51787","","","","0.51979","0.51979","0.51979","0.54355","0.54355","0.54355"
"199","0.47672","0.47672","0.47672","0.50839","0.50839","0.50839","0.09923","0.09923","0.09923","0.43222","0.43222","0.43222","0.45517","0.45517","0.45517","0.50903","0.50903","0.50903","0.52504","0.52504","0.52504","","","","0.51279","0.51279","0.51279","0.54479","0.54479","0.54479"
"200","0.4349","0.4349","0.4349","0.5074","0.5074","0.5074","0.09427","0.09427","0.09427","0.46469","0.46469","0.46469","0.44254","0.44254","0.44254","0.50374","0.50374","0.50374","0.52519","0.52519","0.52519","","","","0.51829","0.51829","0.51829","0.55025","0.55025","0.55025"
"201","0.47292","0.47292","0.47292","0.50986","0.50986","0.50986","0.09074","0.09074","0.09074","0.42792","0.42792","0.42792","0.47941","0.47941","0.47941","0.50643","0.50643","0.50643","0.51166","0.51166","0.51166","","","","0.52006","0.52006","0.52006","0.54903","0.54903","0.54903"
"202","0.43337","0.43337","0.43337","0.51115","0.51115","0.51115","0.0997","0.0997","0.0997","0.41203","0.41203","0.41203","0.44428","0.44428","0.44428","0.50273","0.50273","0.50273","0.51578","0.51578","0.51578","","","","0.52725","0.52725","0.52725","0.54307","0.54307","0.54307"
"203","0.43389","0.43389","0.43389","0.51292","0.51292","0.51292","0.12182","0.12182","0.12182","0.43181","0.43181","0.43181","0.44665","0.44665","0.44665","0.50861","0.50861","0.50861","0.51513","0.51513","0.51513","","","","0.51612","0.51612","0.51612","0.53547","0.53547","0.53547"
"204","0.4349","0.4349","0.4349","0.50458","0.50458","0.50458","0.11511","0.11511","0.11511","0.4289","0.4289","0.4289","0.44931","0.44931","0.44931","0.50836","0.50836","0.50836","0.51748","0.51748","0.51748","","","","0.52743","0.52743","0.52743","0.54566","0.54566","0.54566"
"205","0.44018","0.44018","0.44018","0.49247","0.49247","0.49247","0.12591","0.12591","0.12591","0.43971","0.43971","0.43971","0.48259","0.48259","0.48259","0.5009","0.5009","0.5009","0.52244","0.52244","0.52244","","","","0.5281","0.5281","0.5281","0.54513","0.54513","0.54513"
"206","0.44019","0.44019","0.44019","0.50824","0.50824","0.50824","0.10748","0.10748","0.10748","0.43295","0.43295","0.43295","0.48084","0.48084","0.48084","0.49642","0.49642","0.49642","0.50714","0.50714","0.50714","","","","0.52923","0.52923","0.52923","0.5508","0.5508","0.5508"
"207","0.44028","0.44028","0.44028","0.50899","0.50899","0.50899","0.11826","0.11826","0.11826","0.43204","0.43204","0.43204","0.50161","0.50161","0.50161","0.50695","0.50695","0.50695","0.51535","0.51535","0.51535","","","","0.5269","0.5269","0.5269","0.53767","0.53767","0.53767"
"208","0.44207","0.44207","0.44207","0.50149","0.50149","0.50149","0.09554","0.09554","0.09554","0.4383","0.4383","0.4383","0.47622","0.47622","0.47622","0.50649","0.50649","0.50649","0.51131","0.51131","0.51131","","","","0.52066","0.52066","0.52066","0.54442","0.54442","0.54442"
"209","0.43634","0.43634","0.43634","0.50545","0.50545","0.50545","0.10005","0.10005","0.10005","0.44524","0.44524","0.44524","0.49005","0.49005","0.49005","0.50856","0.50856","0.50856","0.52087","0.52087","0.52087","","","","0.52029","0.52029","0.52029","0.55057","0.55057","0.55057"
"210","0.43096","0.43096","0.43096","0.50825","0.50825","0.50825","0.1226","0.1226","0.1226","0.43471","0.43471","0.43471","0.4044","0.4044","0.4044","0.51325","0.51325","0.51325","0.51921","0.51921","0.51921","","","","0.52242","0.52242","0.52242","0.5391","0.5391","0.5391"
"211","0.44591","0.44591","0.44591","0.49629","0.49629","0.49629","0.08303","0.08303","0.08303","0.43803","0.43803","0.43803","0.48263","0.48263","0.48263","0.50287","0.50287","0.50287","0.51611","0.51611","0.51611","","","","0.5264","0.5264","0.5264","0.54373","0.54373","0.54373"
"212","0.44451","0.44451","0.44451","0.49884","0.49884","0.49884","0.11065","0.11065","0.11065","0.44347","0.44347","0.44347","0.47051","0.47051","0.47051","0.51654","0.51654","0.51654","0.52788","0.52788","0.52788","","","","0.52326","0.52326","0.52326","0.54411","0.54411","0.54411"
"213","0.43472","0.43472","0.43472","0.50113","0.50113","0.50113","0.07951","0.07951","0.07951","0.45415","0.45415","0.45415","0.44613","0.44613","0.44613","0.50689","0.50689","0.50689","0.52404","0.52404","0.52404","","","","0.53021","0.53021","0.53021","0.54455","0.54455","0.54455"
"214","0.44871","0.44871","0.44871","0.49069","0.49069","0.49069","0.10153","0.10153","0.10153","0.45096","0.45096","0.45096","0.44504","0.44504","0.44504","0.50561","0.50561","0.50561","0.51651","0.51651","0.51651","","","","0.51588","0.51588","0.51588","0.54256","0.54256","0.54256"
"215","0.4453","0.4453","0.4453","0.49452","0.49452","0.49452","0.09168","0.09168","0.09168","0.47905","0.47905","0.47905","0.48998","0.48998","0.48998","0.51063","0.51063","0.51063","0.519","0.519","0.519","","","","0.52207","0.52207","0.52207","0.53819","0.53819","0.53819"
"216","0.44595","0.44595","0.44595","0.5111","0.5111","0.5111","0.08448","0.08448","0.08448","0.4692","0.4692","0.4692","0.49277","0.49277","0.49277","0.51338","0.51338","0.51338","0.5186","0.5186","0.5186","","","","0.51976","0.51976","0.51976","0.54848","0.54848","0.54848"
"217","0.4419","0.4419","0.4419","0.50961","0.50961","0.50961","0.07362","0.07362","0.07362","0.4816","0.4816","0.4816","0.5149","0.5149","0.5149","0.50709","0.50709","0.50709","0.52591","0.52591","0.52591","","","","0.51617","0.51617","0.51617","0.53617","0.53617","0.53617"
"218","0.44074","0.44074","0.44074","0.51682","0.51682","0.51682","0.09927","0.09927","0.09927","0.48091","0.48091","0.48091","0.47672","0.47672","0.47672","0.50489","0.50489","0.50489","0.51962","0.51962","0.51962","","","","0.52181","0.52181","0.52181","0.53972","0.53972","0.53972"
"219","0.44823","0.44823","0.44823","0.52069","0.52069","0.52069","0.06676","0.06676","0.06676","0.47694","0.47694","0.47694","0.4741","0.4741","0.4741","0.50674","0.50674","0.50674","0.52397","0.52397","0.52397","","","","0.53161","0.53161","0.53161","0.55132","0.55132","0.55132"
"220","0.43959","0.43959","0.43959","0.4997","0.4997","0.4997","0.0662","0.0662","0.0662","0.45093","0.45093","0.45093","0.4789","0.4789","0.4789","0.50095","0.50095","0.50095","0.51819","0.51819","0.51819","","","","0.53027","0.53027","0.53027","0.54757","0.54757","0.54757"
"221","0.44249","0.44249","0.44249","0.51863","0.51863","0.51863","0.0549","0.0549","0.0549","0.44959","0.44959","0.44959","0.46257","0.46257","0.46257","0.5098","0.5098","0.5098","0.51915","0.51915","0.51915","","","","0.52711","0.52711","0.52711","0.5476","0.5476","0.5476"
"222","0.44652","0.44652","0.44652","0.52129","0.52129","0.52129","0.09646","0.09646","0.09646","0.44966","0.44966","0.44966","0.47032","0.47032","0.47032","0.51201","0.51201","0.51201","0.52524","0.52524","0.52524","","","","0.52696","0.52696","0.52696","0.54298","0.54298","0.54298"
"223","0.43041","0.43041","0.43041","0.51122","0.51122","0.51122","0.13855","0.13855","0.13855","0.45545","0.45545","0.45545","0.5021","0.5021","0.5021","0.50334","0.50334","0.50334","0.5242","0.5242","0.5242","","","","0.53287","0.53287","0.53287","0.54628","0.54628","0.54628"
"224","0.44644","0.44644","0.44644","0.52062","0.52062","0.52062","0.13162","0.13162","0.13162","0.44199","0.44199","0.44199","0.46781","0.46781","0.46781","0.51262","0.51262","0.51262","0.52042","0.52042","0.52042","","","","0.53113","0.53113","0.53113","0.53914","0.53914","0.53914"
"225","0.43444","0.43444","0.43444","0.52","0.52","0.52","0.1054","0.1054","0.1054","0.44703","0.44703","0.44703","0.47328","0.47328","0.47328","0.5072","0.5072","0.5072","0.5225","0.5225","0.5225","","","","0.52388","0.52388","0.52388","0.5491","0.5491","0.5491"
"226","0.45786","0.45786","0.45786","0.50018","0.50018","0.50018","0.07747","0.07747","0.07747","0.48446","0.48446","0.48446","0.4377","0.4377","0.4377","0.51708","0.51708","0.51708","0.52062","0.52062","0.52062","","","","0.51925","0.51925","0.51925","0.54738","0.54738","0.54738"
"227","0.44862","0.44862","0.44862","0.52216","0.52216","0.52216","0.1496","0.1496","0.1496","0.48668","0.48668","0.48668","0.50799","0.50799","0.50799","0.52036","0.52036","0.52036","0.52884","0.52884","0.52884","","","","0.52138","0.52138","0.52138","0.5424","0.5424","0.5424"
"228","0.43951","0.43951","0.43951","0.49035","0.49035","0.49035","0.11557","0.11557","0.11557","0.45475","0.45475","0.45475","0.51144","0.51144","0.51144","0.50647","0.50647","0.50647","0.52951","0.52951","0.52951","","","","0.52928","0.52928","0.52928","0.53784","0.53784","0.53784"
"229","0.44439","0.44439","0.44439","0.50777","0.50777","0.50777","0.09828","0.09828","0.09828","0.45143","0.45143","0.45143","0.46356","0.46356","0.46356","0.51346","0.51346","0.51346","0.52692","0.52692","0.52692","","","","0.51598","0.51598","0.51598","0.54097","0.54097","0.54097"
"230","0.44012","0.44012","0.44012","0.52668","0.52668","0.52668","0.10867","0.10867","0.10867","0.43422","0.43422","0.43422","0.48942","0.48942","0.48942","0.51661","0.51661","0.51661","0.51587","0.51587","0.51587","","","","0.51442","0.51442","0.51442","0.54641","0.54641","0.54641"
"231","0.45795","0.45795","0.45795","0.50976","0.50976","0.50976","0.15821","0.15821","0.15821","0.44107","0.44107","0.44107","0.46145","0.46145","0.46145","0.51052","0.51052","0.51052","0.51692","0.51692","0.51692","","","","0.52305","0.52305","0.52305","0.54081","0.54081","0.54081"
"232","0.43453","0.43453","0.43453","0.51619","0.51619","0.51619","0.11644","0.11644","0.11644","0.49006","0.49006","0.49006","0.44208","0.44208","0.44208","0.51303","0.51303","0.51303","0.52447","0.52447","0.52447","","","","0.51393","0.51393","0.51393","0.54054","0.54054","0.54054"
"233","0.4376","0.4376","0.4376","0.51439","0.51439","0.51439","0.1052","0.1052","0.1052","0.47612","0.47612","0.47612","0.5149","0.5149","0.5149","0.51302","0.51302","0.51302","0.51288","0.51288","0.51288","","","","0.51605","0.51605","0.51605","0.54945","0.54945","0.54945"
"234","0.44387","0.44387","0.44387","0.49239","0.49239","0.49239","0.11571","0.11571","0.11571","0.48262","0.48262","0.48262","0.47621","0.47621","0.47621","0.50829","0.50829","0.50829","0.52022","0.52022","0.52022","","","","0.52428","0.52428","0.52428","0.54141","0.54141","0.54141"
"235","0.44259","0.44259","0.44259","0.50294","0.50294","0.50294","0.10757","0.10757","0.10757","0.48241","0.48241","0.48241","0.50322","0.50322","0.50322","0.50949","0.50949","0.50949","0.51994","0.51994","0.51994","","","","0.51696","0.51696","0.51696","0.54669","0.54669","0.54669"
"236","0.45041","0.45041","0.45041","0.51645","0.51645","0.51645","0.11682","0.11682","0.11682","0.46068","0.46068","0.46068","0.50945","0.50945","0.50945","0.51261","0.51261","0.51261","0.5287","0.5287","0.5287","","","","0.52764","0.52764","0.52764","0.54486","0.54486","0.54486"
"237","0.43933","0.43933","0.43933","0.52055","0.52055","0.52055","0.12822","0.12822","0.12822","0.49816","0.49816","0.49816","0.50871","0.50871","0.50871","0.52147","0.52147","0.52147","0.52176","0.52176","0.52176","","","","0.51932","0.51932","0.51932","0.55223","0.55223","0.55223"
"238","0.43574","0.43574","0.43574","0.5305520726781158","0.5305520726781158","0.5305520726781158","0.12186","0.12186","0.12186","0.46679","0.46679","0.46679","0.51161","0.51161","0.51161","0.5194","0.5194","0.5194","0.53123","0.53123","0.53123","","","","0.52226","0.52226","0.52226","0.54945","0.54945","0.54945"
"239","0.44848","0.44848","0.44848","","","","0.12105","0.12105","0.12105","0.4972","0.4972","0.4972","0.5113","0.5113","0.5113","0.5139","0.5139","0.5139","0.53143","0.53143","0.53143","","","","0.53037","0.53037","0.53037","0.54522","0.54522","0.54522"
"240","0.42857","0.42857","0.42857","","","","0.0884","0.0884","0.0884","0.49956","0.49956","0.49956","0.49526","0.49526","0.49526","0.5165","0.5165","0.5165","0.53214","0.53214","0.53214","","","","0.5237","0.5237","0.5237","0.54157","0.54157","0.54157"
"241","0.43997","0.43997","0.43997","","","","0.11255","0.11255","0.11255","0.48523","0.48523","0.48523","0.49689","0.49689","0.49689","0.52203","0.52203","0.52203","0.52995","0.52995","0.52995","","","","0.52827","0.52827","0.52827","0.54314","0.54314","0.54314"
"242","0.43432","0.43432","0.43432","","","","0.10612","0.10612","0.10612","0.49039","0.49039","0.49039","0.49212","0.49212","0.49212","0.51691","0.51691","0.51691","0.5284","0.5284","0.5284","","","","0.52557","0.52557","0.52557","0.54629","0.54629","0.54629"
"243","0.43827","0.43827","0.43827","","","","0.09917","0.09917","0.09917","0.50142","0.50142","0.50142","0.49133","0.49133","0.49133","0.52173","0.52173","0.52173","0.52553","0.52553","0.52553","","","","0.51659","0.51659","0.51659","0.54281","0.54281","0.54281"
"244","0.43227","0.43227","0.43227","","","","0.14398","0.14398","0.14398","0.49842","0.49842","0.49842","0.50382","0.50382","0.50382","0.52599","0.52599","0.52599","0.52319","0.52319","0.52319","","","","0.52938","0.52938","0.52938","0.54776","0.54776","0.54776"
"245","0.43923","0.43923","0.43923","","","","0.11726","0.11726","0.11726","0.49285","0.49285","0.49285","0.48786","0.48786","0.48786","0.51975","0.51975","0.51975","0.52571","0.52571","0.52571","","","","0.52884","0.52884","0.52884","0.54848","0.54848","0.54848"
"246","0.43971","0.43971","0.43971","","","","0.12268","0.12268","0.12268","0.49443","0.49443","0.49443","0.50274","0.50274","0.50274","0.51939","0.51939","0.51939","0.52134","0.52134","0.52134","","","","0.52873","0.52873","0.52873","0.55062","0.55062","0.55062"
"247","0.43088","0.43088","0.43088","","","","0.111","0.111","0.111","0.48835","0.48835","0.48835","0.49507","0.49507","0.49507","0.52123","0.52123","0.52123","0.52972","0.52972","0.52972","","","","0.53079","0.53079","0.53079","0.54849","0.54849","0.54849"
"248","0.4393","0.4393","0.4393","","","","0.10036","0.10036","0.10036","0.47901","0.47901","0.47901","0.43195","0.43195","0.43195","0.52046","0.52046","0.52046","0.53272","0.53272","0.53272","","","","0.5307","0.5307","0.5307","0.54666","0.54666","0.54666"
"249","0.43383","0.43383","0.43383","","","","0.08299","0.08299","0.08299","0.49058","0.49058","0.49058","0.5033","0.5033","0.5033","0.52572","0.52572","0.52572","0.53461","0.53461","0.53461","","","","0.52942","0.52942","0.52942","0.54775","0.54775","0.54775"
"250","0.43739","0.43739","0.43739","","","","0.09896","0.09896","0.09896","0.49992","0.49992","0.49992","0.4947","0.4947","0.4947","0.51671","0.51671","0.51671","0.53472","0.53472","0.53472","","","","0.52788","0.52788","0.52788","0.54547","0.54547","0.54547"
"251","0.44449","0.44449","0.44449","","","","0.11625","0.11625","0.11625","0.48449","0.48449","0.48449","0.50034","0.50034","0.50034","0.52078","0.52078","0.52078","0.52825","0.52825","0.52825","","","","0.5233","0.5233","0.5233","0.54667","0.54667","0.54667"
"252","0.44474","0.44474","0.44474","","","","0.08588","0.08588","0.08588","0.47742","0.47742","0.47742","0.49366","0.49366","0.49366","0.52282","0.52282","0.52282","0.5287","0.5287","0.5287","","","","0.5319","0.5319","0.5319","0.54606","0.54606","0.54606"
"253","0.44256","0.44256","0.44256","","","","0.1047","0.1047","0.1047","0.47793","0.47793","0.47793","0.51099","0.51099","0.51099","0.51492","0.51492","0.51492","0.52763","0.52763","0.52763","","","","0.53164","0.53164","0.53164","0.54893","0.54893","0.54893"
"254","0.45108","0.45108","0.45108","","","","0.10786","0.10786","0.10786","0.49829","0.49829","0.49829","0.51533","0.51533","0.51533","0.52202","0.52202","0.52202","0.53236","0.53236","0.53236","","","","0.53162","0.53162","0.53162","0.54723","0.54723","0.54723"
"255","0.43744","0.43744","0.43744","","","","0.1221","0.1221","0.1221","0.49221","0.49221","0.49221","0.5052","0.5052","0.5052","0.51549","0.51549","0.51549","0.53025","0.53025","0.53025","","","","0.53172","0.53172","0.53172","0.54309","0.54309","0.54309"
"256","0.44734","0.44734","0.44734","","","","0.10537","0.10537","0.10537","0.49109","0.49109","0.49109","0.50058","0.50058","0.50058","0.50853","0.50853","0.50853","0.53209","0.53209","0.53209","","","","0.53174","0.53174","0.53174","0.54835","0.54835","0.54835"
"257","0.44152","0.44152","0.44152","","","","0.09202","0.09202","0.09202","0.49662","0.49662","0.49662","0.49736","0.49736","0.49736","0.51601","0.51601","0.51601","0.52476","0.52476","0.52476","","","","0.53107","0.53107","0.53107","0.54862","0.54862","0.54862"
"258","0.45233","0.45233","0.45233","","","","0.11704","0.11704","0.11704","0.49621","0.49621","0.49621","0.50151","0.50151","0.50151","0.52058","0.52058","0.52058","0.52517","0.52517","0.52517","","","","0.52794","0.52794","0.52794","0.54684","0.54684","0.54684"
"259","0.45024","0.45024","0.45024","","","","0.09719","0.09719","0.09719","0.49266","0.49266","0.49266","0.50183","0.50183","0.50183","0.51918","0.51918","0.51918","0.53164","0.53164","0.53164","","","","0.52334","0.52334","0.52334","0.54533","0.54533","0.54533"
"260","0.45095","0.45095","0.45095","","","","0.10814","0.10814","0.10814","0.50265","0.50265","0.50265","0.50515","0.50515","0.50515","0.51547","0.51547","0.51547","0.53476","0.53476","0.53476","","","","0.52263","0.52263","0.52263","0.54123","0.54123","0.54123"
"261","0.44107","0.44107","0.44107","","","","0.08006","0.08006","0.08006","0.50021","0.50021","0.50021","0.50115","0.50115","0.50115","0.51664","0.51664","0.51664","0.52661","0.52661","0.52661","","","","0.52429","0.52429","0.52429","0.54131","0.54131","0.54131"
"262","0.4288","0.4288","0.4288","","","","0.08292","0.08292","0.08292","0.49689","0.49689","0.49689","0.50525","0.50525","0.50525","0.52071","0.52071","0.52071","0.52553","0.52553","0.52553","","","","0.52857","0.52857","0.52857","0.5422","0.5422","0.5422"
"263","0.43921","0.43921","0.43921","","","","0.11105","0.11105","0.11105","0.47918","0.47918","0.47918","0.50161","0.50161","0.50161","0.52047","0.52047","0.52047","0.53493","0.53493","0.53493","","","","0.52312","0.52312","0.52312","0.54495","0.54495","0.54495"
"264","0.44296","0.44296","0.44296","","","","0.11124","0.11124","0.11124","0.49249","0.49249","0.49249","0.51127","0.51127","0.51127","0.52146","0.52146","0.52146","0.5343","0.5343","0.5343","","","","0.52059","0.52059","0.52059","0.54539","0.54539","0.54539"
"265","0.4488","0.4488","0.4488","","","","0.0943","0.0943","0.0943","0.49414","0.49414","0.49414","0.508","0.508","0.508","0.52672","0.52672","0.52672","0.53406","0.53406","0.53406","","","","0.521","0.521","0.521","0.54497","0.54497","0.54497"
"266","0.44759","0.44759","0.44759","","","","0.11564","0.11564","0.11564","0.48801","0.48801","0.48801","0.5083","0.5083","0.5083","0.53357","0.53357","0.53357","0.52642","0.52642","0.52642","","","","0.52906","0.52906","0.52906","0.54917","0.54917","0.54917"
"267","0.45164","0.45164","0.45164","","","","0.09955","0.09955","0.09955","0.49603","0.49603","0.49603","0.49365","0.49365","0.49365","0.53067","0.53067","0.53067","0.5265","0.5265","0.5265","","","","0.52556","0.52556","0.52556","0.54303","0.54303","0.54303"
"268","0.43092","0.43092","0.43092","","","","0.071","0.071","0.071","0.49595","0.49595","0.49595","0.49322","0.49322","0.49322","0.53261","0.53261","0.53261","0.52251","0.52251","0.52251","","","","0.52344","0.52344","0.52344","0.54446","0.54446","0.54446"
"269","0.43199","0.43199","0.43199","","","","0.07195","0.07195","0.07195","0.49868","0.49868","0.49868","0.50107","0.50107","0.50107","0.52858","0.52858","0.52858","0.51982","0.51982","0.51982","","","","0.52555","0.52555","0.52555","0.54644","0.54644","0.54644"
"270","0.42181","0.42181","0.42181","","","","0.11403","0.11403","0.11403","0.49184","0.49184","0.49184","0.50157","0.50157","0.50157","0.52337","0.52337","0.52337","0.52979","0.52979","0.52979","","","","0.5266","0.5266","0.5266","0.54613","0.54613","0.54613"
"271","0.4342","0.4342","0.4342","","","","0.08267","0.08267","0.08267","0.50036","0.50036","0.50036","0.50275","0.50275","0.50275","0.52611","0.52611","0.52611","0.52122","0.52122","0.52122","","","","0.52939","0.52939","0.52939","0.54506","0.54506","0.54506"
"272","0.44274","0.44274","0.44274","","","","0.11608","0.11608","0.11608","0.49747","0.49747","0.49747","0.51187","0.51187","0.51187","0.52314","0.52314","0.52314","0.52643","0.52643","0.52643","","","","0.52994","0.52994","0.52994","0.54945","0.54945","0.54945"
"273","0.4361","0.4361","0.4361","","","","0.11382","0.11382","0.11382","0.49647","0.49647","0.49647","0.50409","0.50409","0.50409","0.52469","0.52469","0.52469","0.53467","0.53467","0.53467","","","","0.52092","0.52092","0.52092","0.54105","0.54105","0.54105"
"274","0.43242","0.43242","0.43242","","","","0.12439","0.12439","0.12439","0.48983","0.48983","0.48983","0.50338","0.50338","0.50338","0.52314","0.52314","0.52314","0.52773","0.52773","0.52773","","","","0.52117","0.52117","0.52117","0.54079","0.54079","0.54079"
"275","0.43738","0.43738","0.43738","","","","0.11602","0.11602","0.11602","0.4926","0.4926","0.4926","0.50845","0.50845","0.50845","0.52671","0.52671","0.52671","0.52406","0.52406","0.52406","","","","0.52163","0.52163","0.52163","0.54517","0.54517","0.54517"
"276","0.44143","0.44143","0.44143","","","","0.12192","0.12192","0.12192","0.49726","0.49726","0.49726","0.50676","0.50676","0.50676","0.52238","0.52238","0.52238","0.52607","0.52607","0.52607","","","","0.52035","0.52035","0.52035","0.54558","0.54558","0.54558"
"277","0.44271","0.44271","0.44271","","","","0.111","0.111","0.111","0.5005","0.5005","0.5005","0.49631","0.49631","0.49631","0.52313","0.52313","0.52313","0.52561","0.52561","0.52561","","","","0.53219","0.53219","0.53219","0.54518","0.54518","0.54518"
"278","0.43481","0.43481","0.43481","","","","0.11113","0.11113","0.11113","0.50209","0.50209","0.50209","0.50169","0.50169","0.50169","0.52449","0.52449","0.52449","0.52471","0.52471","0.52471","","","","0.53279","0.53279","0.53279","0.54288","0.54288","0.54288"
"279","0.43412","0.43412","0.43412","","","","0.10532","0.10532","0.10532","0.49339","0.49339","0.49339","0.50057","0.50057","0.50057","0.52359","0.52359","0.52359","0.52223","0.52223","0.52223","","","","0.53009","0.53009","0.53009","0.54534","0.54534","0.54534"
"280","0.43613","0.43613","0.43613","","","","0.11647","0.11647","0.11647","0.494","0.494","0.494","0.50344","0.50344","0.50344","0.51955","0.51955","0.51955","0.52481","0.52481","0.52481","","","","0.52889","0.52889","0.52889","0.53964","0.53964","0.53964"
"281","0.43259","0.43259","0.43259","","","","0.11632","0.11632","0.11632","0.49506","0.49506","0.49506","0.50759","0.50759","0.50759","0.52164","0.52164","0.52164","0.52983","0.52983","0.52983","","","","0.52279","0.52279","0.52279","0.54463","0.54463","0.54463"
"282","0.43055","0.43055","0.43055","","","","0.11203","0.11203","0.11203","0.49995","0.49995","0.49995","0.50578","0.50578","0.50578","0.52504","0.52504","0.52504","0.5282","0.5282","0.5282","","","","0.52421","0.52421","0.52421","0.54839","0.54839","0.54839"
"283","0.43261","0.43261","0.43261","","","","0.11668","0.11668","0.11668","0.49634","0.49634","0.49634","0.49442","0.49442","0.49442","0.52413","0.52413","0.52413","0.53061","0.53061","0.53061","","","","0.52034","0.52034","0.52034","0.54533","0.54533","0.54533"
"284","0.43776","0.43776","0.43776","","","","0.11621","0.11621","0.11621","0.49653","0.49653","0.49653","0.50634","0.50634","0.50634","0.52663","0.52663","0.52663","0.53189","0.53189","0.53189","","","","0.52968","0.52968","0.52968","0.54154","0.54154","0.54154"
"285","0.44165","0.44165","0.44165","","","","0.10069","0.10069","0.10069","0.49394","0.49394","0.49394","0.50156","0.50156","0.50156","0.52851","0.52851","0.52851","0.528","0.528","0.528","","","","0.52853","0.52853","0.52853","0.54082","0.54082","0.54082"
"286","0.43749","0.43749","0.43749","","","","0.11086","0.11086","0.11086","0.49552","0.49552","0.49552","0.50564","0.50564","0.50564","0.52979","0.52979","0.52979","0.52982","0.52982","0.52982","","","","0.52921","0.52921","0.52921","0.53916","0.53916","0.53916"
"287","0.43501","0.43501","0.43501","","","","0.11021","0.11021","0.11021","0.49774","0.49774","0.49774","0.50707","0.50707","0.50707","0.52425","0.52425","0.52425","0.52765","0.52765","0.52765","","","","0.52603","0.52603","0.52603","0.54261","0.54261","0.54261"
"288","0.42726","0.42726","0.42726","","","","0.10816","0.10816","0.10816","0.50097","0.50097","0.50097","0.50809","0.50809","0.50809","0.52696","0.52696","0.52696","0.52756","0.52756","0.52756","","","","0.52355","0.52355","0.52355","0.54433","0.54433","0.54433"
"289","0.42908","0.42908","0.42908","","","","0.11382","0.11382","0.11382","0.50129","0.50129","0.50129","0.50393","0.50393","0.50393","0.52561","0.52561","0.52561","0.5223","0.5223","0.5223","","","","0.52559","0.52559","0.52559","0.545","0.545","0.545"
"290","0.4362","0.4362","0.4362","","","","0.11333","0.11333","0.11333","0.50111","0.50111","0.50111","0.49844","0.49844","0.49844","0.5256","0.5256","0.5256","0.52641","0.52641","0.52641","","","","0.52672","0.52672","0.52672","0.54221","0.54221","0.54221"
"291","0.43937","0.43937","0.43937","","","","0.11091","0.11091","0.11091","0.50128","0.50128","0.50128","0.49766","0.49766","0.49766","0.52237","0.52237","0.52237","0.52234","0.52234","0.52234","","","","0.52718","0.52718","0.52718","0.54193","0.54193","0.54193"
"292","0.43619","0.43619","0.43619","","","","0.11137","0.11137","0.11137","0.50147","0.50147","0.50147","0.49213","0.49213","0.49213","0.52073","0.52073","0.52073","0.51529","0.51529","0.51529","","","","0.52062","0.52062","0.52062","0.53637","0.53637","0.53637"
"293","0.43218","0.43218","0.43218","","","","0.10288","0.10288","0.10288","0.50248","0.50248","0.50248","0.49819","0.49819","0.49819","0.52137","0.52137","0.52137","0.51643","0.51643","0.51643","","","","0.52802","0.52802","0.52802","0.53841","0.53841","0.53841"
"294","0.43477","0.43477","0.43477","","","","0.11369","0.11369","0.11369","0.50168","0.50168","0.50168","0.48353","0.48353","0.48353","0.52308","0.52308","0.52308","0.51659","0.51659","0.51659","","","","0.52627","0.52627","0.52627","0.54191","0.54191","0.54191"
"295","0.43505","0.43505","0.43505","","","","0.10267","0.10267","0.10267","0.5021","0.5021","0.5021","0.49129","0.49129","0.49129","0.52317","0.52317","0.52317","0.51807","0.51807","0.51807","","","","0.52611","0.52611","0.52611","0.53913","0.53913","0.53913"
"296","0.4356","0.4356","0.4356","","","","0.09746","0.09746","0.09746","0.50282","0.50282","0.50282","0.50782","0.50782","0.50782","0.52375","0.52375","0.52375","0.51982","0.51982","0.51982","","","","0.52692","0.52692","0.52692","0.53975","0.53975","0.53975"
"297","0.43255","0.43255","0.43255","","","","0.09998","0.09998","0.09998","0.50157","0.50157","0.50157","0.50239","0.50239","0.50239","0.5271","0.5271","0.5271","0.51708","0.51708","0.51708","","","","0.52574","0.52574","0.52574","0.5394","0.5394","0.5394"
"298","0.43558","0.43558","0.43558","","","","0.09739","0.09739","0.09739","0.50139","0.50139","0.50139","0.50191","0.50191","0.50191","0.52583","0.52583","0.52583","0.51541","0.51541","0.51541","","","","0.52709","0.52709","0.52709","0.54138","0.54138","0.54138"
"299","0.43589","0.43589","0.43589","","","","0.10297","0.10297","0.10297","0.50279","0.50279","0.50279","0.48851","0.48851","0.48851","0.52515","0.52515","0.52515","0.51991","0.51991","0.51991","","","","0.52707","0.52707","0.52707","0.54138","0.54138","0.54138"
"300","0.45087801019908913","0.45087801019908913","0.45087801019908913","","","","0.12191909818310318","0.12191909818310318","0.12191909818310318","0.503","0.503","0.503","0.508","0.508","0.508","0.5298061437991095","0.5298061437991095","0.5298061437991095","0.5350880577763092","0.5350880577763092","0.5350880577763092","","","","0.5292674410892767","0.5292674410892767","0.5292674410892767","0.548525595085504","0.548525595085504","0.548525595085504"