"Step","MLConv[R=50]-YOLO11x-DOTAv1-23 - metrics/mAP50(B)","MLConv[R=50]-YOLO11x-DOTAv1-23 - metrics/mAP50(B)__MIN","MLConv[R=50]-YOLO11x-DOTAv1-23 - metrics/mAP50(B)__MAX","MLConv[R=150]-YOLO11x-DOTAv1-23 - metrics/mAP50(B)","MLConv[R=150]-YOLO11x-DOTAv1-23 - metrics/mAP50(B)__MIN","MLConv[R=150]-YOLO11x-DOTAv1-23 - metrics/mAP50(B)__MAX","MTL[T=17]-YOLO11x-DOTAv1-23 - metrics/mAP50(B)","MTL[T=17]-YOLO11x-DOTAv1-23 - metrics/mAP50(B)__MIN","MTL[T=17]-YOLO11x-DOTAv1-23 - metrics/mAP50(B)__MAX","MTL[T=23]-YOLO11x-DOTAv1-23 - metrics/mAP50(B)","MTL[T=23]-YOLO11x-DOTAv1-23 - metrics/mAP50(B)__MIN","MTL[T=23]-YOLO11x-DOTAv1-23 - metrics/mAP50(B)__MAX","MLConv[R=100]-YOLO11x-DOTAv1-23 - metrics/mAP50(B)","MLConv[R=100]-YOLO11x-DOTAv1-23 - metrics/mAP50(B)__MIN","MLConv[R=100]-YOLO11x-DOTAv1-23 - metrics/mAP50(B)__MAX","MTL[T=16]-YOLO11x-DOTAv1-23 - metrics/mAP50(B)","MTL[T=16]-YOLO11x-DOTAv1-23 - metrics/mAP50(B)__MIN","MTL[T=16]-YOLO11x-DOTAv1-23 - metrics/mAP50(B)__MAX","MTL[T=24]-YOLO11x-DOTAv1-23 - metrics/mAP50(B)","MTL[T=24]-YOLO11x-DOTAv1-23 - metrics/mAP50(B)__MIN","MTL[T=24]-YOLO11x-DOTAv1-23 - metrics/mAP50(B)__MAX","MTL[T=30]-YOLO11x-DOTAv1-23 - metrics/mAP50(B)","MTL[T=30]-YOLO11x-DOTAv1-23 - metrics/mAP50(B)__MIN","MTL[T=30]-YOLO11x-DOTAv1-23 - metrics/mAP50(B)__MAX","YOLO11x-DOTAv1-23 - metrics/mAP50(B)","YOLO11x-DOTAv1-23 - metrics/mAP50(B)__MIN","YOLO11x-DOTAv1-23 - metrics/mAP50(B)__MAX","MTL[T=36]-YOLO11x-DOTAv1-23 - metrics/mAP50(B)","MTL[T=36]-YOLO11x-DOTAv1-23 - metrics/mAP50(B)__MIN","MTL[T=36]-YOLO11x-DOTAv1-23 - metrics/mAP50(B)__MAX"
"1","0","0","0","0","0","0","0","0","0","0","0","0","0","0","0","0","0","0","0","0","0","0","0","0","0","0","0","0","0","0"
"2","0","0","0","0","0","0","0","0","0","0","0","0","0","0","0","0","0","0","0","0","0","0.00002","0.00002","0.00002","0","0","0","0","0","0"
"3","0","0","0","0","0","0","0.00006","0.00006","0.00006","0","0","0","0","0","0","0.00418","0.00418","0.00418","0.01777","0.01777","0.01777","0.00003","0.00003","0.00003","0.0185","0.0185","0.0185","0.00004","0.00004","0.00004"
"4","0.02123","0.02123","0.02123","0.02353","0.02353","0.02353","0.08779","0.08779","0.08779","0.07028","0.07028","0.07028","0","0","0","0.05449","0.05449","0.05449","0.01583","0.01583","0.01583","0","0","0","0.02277","0.02277","0.02277","0.00005","0.00005","0.00005"
"5","0.02351","0.02351","0.02351","0.04889","0.04889","0.04889","0.07507","0.07507","0.07507","0.06662","0.06662","0.06662","0.01608","0.01608","0.01608","0.05271","0.05271","0.05271","0.05903","0.05903","0.05903","0.00001","0.00001","0.00001","0.0563","0.0563","0.0563","0.00001","0.00001","0.00001"
"6","0.01948","0.01948","0.01948","0.02539","0.02539","0.02539","0.08046","0.08046","0.08046","0.08207","0.08207","0.08207","0.02649","0.02649","0.02649","0.09127","0.09127","0.09127","0.09937","0.09937","0.09937","0.0001","0.0001","0.0001","0.10142","0.10142","0.10142","0.00004","0.00004","0.00004"
"7","0.02266","0.02266","0.02266","0.06234","0.06234","0.06234","0.08026","0.08026","0.08026","0.08438","0.08438","0.08438","0.02239","0.02239","0.02239","0.0842","0.0842","0.0842","0.09198","0.09198","0.09198","0","0","0","0.07785","0.07785","0.07785","0.00002","0.00002","0.00002"
"8","0.02517","0.02517","0.02517","0.05749","0.05749","0.05749","0.11412","0.11412","0.11412","0.1343","0.1343","0.1343","0.06156","0.06156","0.06156","0.08488","0.08488","0.08488","0.14738","0.14738","0.14738","0","0","0","0.18737","0.18737","0.18737","0","0","0"
"9","0.06231","0.06231","0.06231","0.08293","0.08293","0.08293","0.10087","0.10087","0.10087","0.08064","0.08064","0.08064","0.05845","0.05845","0.05845","0.10197","0.10197","0.10197","0.15419","0.15419","0.15419","0.00028","0.00028","0.00028","0.14377","0.14377","0.14377","0","0","0"
"10","0.07577","0.07577","0.07577","0.06885","0.06885","0.06885","0.17593","0.17593","0.17593","0.12118","0.12118","0.12118","0.06317","0.06317","0.06317","0.18382","0.18382","0.18382","0.17876","0.17876","0.17876","0.00021","0.00021","0.00021","0.15776","0.15776","0.15776","0","0","0"
"11","0.08913","0.08913","0.08913","0.06874","0.06874","0.06874","0.11946","0.11946","0.11946","0.11837","0.11837","0.11837","0.09008","0.09008","0.09008","0.21356","0.21356","0.21356","0.13378","0.13378","0.13378","0","0","0","0.16029","0.16029","0.16029","0.00028","0.00028","0.00028"
"12","0.08375","0.08375","0.08375","0.11598","0.11598","0.11598","0.15031","0.15031","0.15031","0.14874","0.14874","0.14874","0.06338","0.06338","0.06338","0.1849","0.1849","0.1849","0.13286","0.13286","0.13286","0","0","0","0.11718","0.11718","0.11718","0.00035","0.00035","0.00035"
"13","0.05022","0.05022","0.05022","0.08185","0.08185","0.08185","0.2354","0.2354","0.2354","0.18893","0.18893","0.18893","0.08245","0.08245","0.08245","0.23482","0.23482","0.23482","0.16925","0.16925","0.16925","0","0","0","0.18482","0.18482","0.18482","0","0","0"
"14","0.1437","0.1437","0.1437","0.11026","0.11026","0.11026","0.22145","0.22145","0.22145","0.17743","0.17743","0.17743","0.13328","0.13328","0.13328","0.23016","0.23016","0.23016","0.19149","0.19149","0.19149","0","0","0","0.17959","0.17959","0.17959","0","0","0"
"15","0.09581","0.09581","0.09581","0.08657","0.08657","0.08657","0.21457","0.21457","0.21457","0.19745","0.19745","0.19745","0.06868","0.06868","0.06868","0.22038","0.22038","0.22038","0.22493","0.22493","0.22493","0.00044","0.00044","0.00044","0.16165","0.16165","0.16165","0","0","0"
"16","0.16608","0.16608","0.16608","0.12799","0.12799","0.12799","0.24518","0.24518","0.24518","0.27881","0.27881","0.27881","0.10003","0.10003","0.10003","0.25044","0.25044","0.25044","0.21166","0.21166","0.21166","0.00106","0.00106","0.00106","0.24643","0.24643","0.24643","0","0","0"
"17","0.14312","0.14312","0.14312","0.08686","0.08686","0.08686","0.23563","0.23563","0.23563","0.21843","0.21843","0.21843","0.15948","0.15948","0.15948","0.29555","0.29555","0.29555","0.27208","0.27208","0.27208","0","0","0","0.26926","0.26926","0.26926","0","0","0"
"18","0.10952","0.10952","0.10952","0.13431","0.13431","0.13431","0.27824","0.27824","0.27824","0.27042","0.27042","0.27042","0.08828","0.08828","0.08828","0.22768","0.22768","0.22768","0.24778","0.24778","0.24778","0","0","0","0.23914","0.23914","0.23914","0","0","0"
"19","0.08083","0.08083","0.08083","0.22456","0.22456","0.22456","0.25575","0.25575","0.25575","0.26547","0.26547","0.26547","0.12684","0.12684","0.12684","0.24696","0.24696","0.24696","0.24373","0.24373","0.24373","0","0","0","0.23928","0.23928","0.23928","0","0","0"
"20","0.18437","0.18437","0.18437","0.19563","0.19563","0.19563","0.23515","0.23515","0.23515","0.24568","0.24568","0.24568","0.15828","0.15828","0.15828","0.2721","0.2721","0.2721","0.23723","0.23723","0.23723","0.00266","0.00266","0.00266","0.30889","0.30889","0.30889","0","0","0"
"21","0.12363","0.12363","0.12363","0.18499","0.18499","0.18499","0.2926","0.2926","0.2926","0.27079","0.27079","0.27079","0.12718","0.12718","0.12718","0.25107","0.25107","0.25107","0.24703","0.24703","0.24703","0","0","0","0.24158","0.24158","0.24158","0","0","0"
"22","0.14118","0.14118","0.14118","0.17017","0.17017","0.17017","0.29466","0.29466","0.29466","0.25874","0.25874","0.25874","0.15211","0.15211","0.15211","0.26353","0.26353","0.26353","0.28329","0.28329","0.28329","0","0","0","0.30834","0.30834","0.30834","0.0015","0.0015","0.0015"
"23","0.16185","0.16185","0.16185","0.20064","0.20064","0.20064","0.29155","0.29155","0.29155","0.2715","0.2715","0.2715","0.27188","0.27188","0.27188","0.27619","0.27619","0.27619","0.26904","0.26904","0.26904","0","0","0","0.29711","0.29711","0.29711","0","0","0"
"24","0.18831","0.18831","0.18831","0.16339","0.16339","0.16339","0.37793","0.37793","0.37793","0.33552","0.33552","0.33552","0.19808","0.19808","0.19808","0.32611","0.32611","0.32611","0.34444","0.34444","0.34444","0","0","0","0.3385","0.3385","0.3385","0","0","0"
"25","0.18525","0.18525","0.18525","0.18625","0.18625","0.18625","0.31523","0.31523","0.31523","0.30428","0.30428","0.30428","0.18474","0.18474","0.18474","0.26816","0.26816","0.26816","0.27586","0.27586","0.27586","0","0","0","0.35491","0.35491","0.35491","0","0","0"
"26","0.1939","0.1939","0.1939","0.25825","0.25825","0.25825","0.34471","0.34471","0.34471","0.26799","0.26799","0.26799","0.22155","0.22155","0.22155","0.356","0.356","0.356","0.28572","0.28572","0.28572","0","0","0","0.35662","0.35662","0.35662","0","0","0"
"27","0.19089","0.19089","0.19089","0.25583","0.25583","0.25583","0.32983","0.32983","0.32983","0.3498","0.3498","0.3498","0.22135","0.22135","0.22135","0.30689","0.30689","0.30689","0.31268","0.31268","0.31268","0.00335","0.00335","0.00335","0.28704","0.28704","0.28704","0.00008","0.00008","0.00008"
"28","0.22051","0.22051","0.22051","0.26967","0.26967","0.26967","0.35628","0.35628","0.35628","0.31135","0.31135","0.31135","0.24289","0.24289","0.24289","0.3493","0.3493","0.3493","0.34766","0.34766","0.34766","0.00281","0.00281","0.00281","0.34977","0.34977","0.34977","0.00449","0.00449","0.00449"
"29","0.25251","0.25251","0.25251","0.29096","0.29096","0.29096","0.35725","0.35725","0.35725","0.37495","0.37495","0.37495","0.2982","0.2982","0.2982","0.35853","0.35853","0.35853","0.37937","0.37937","0.37937","0","0","0","0.3714","0.3714","0.3714","0","0","0"
"30","0.28967","0.28967","0.28967","0.23911","0.23911","0.23911","0.3565","0.3565","0.3565","0.30081","0.30081","0.30081","0.35427","0.35427","0.35427","0.37453","0.37453","0.37453","0.36692","0.36692","0.36692","0","0","0","0.3776","0.3776","0.3776","0","0","0"
"31","0.19069","0.19069","0.19069","0.24522","0.24522","0.24522","0.38767","0.38767","0.38767","0.26886","0.26886","0.26886","0.29466","0.29466","0.29466","0.36108","0.36108","0.36108","0.34908","0.34908","0.34908","0","0","0","0.3584","0.3584","0.3584","0","0","0"
"32","0.28735","0.28735","0.28735","0.29626","0.29626","0.29626","0.29839","0.29839","0.29839","0.32828","0.32828","0.32828","0.28289","0.28289","0.28289","0.32477","0.32477","0.32477","0.30415","0.30415","0.30415","0.00751","0.00751","0.00751","0.37978","0.37978","0.37978","0.00716","0.00716","0.00716"
"33","0.28721","0.28721","0.28721","0.34407","0.34407","0.34407","0.38313","0.38313","0.38313","0.34992","0.34992","0.34992","0.25473","0.25473","0.25473","0.35243","0.35243","0.35243","0.36147","0.36147","0.36147","0","0","0","0.36025","0.36025","0.36025","0.0015","0.0015","0.0015"
"34","0.21151","0.21151","0.21151","0.27309","0.27309","0.27309","0.36542","0.36542","0.36542","0.3472","0.3472","0.3472","0.33819","0.33819","0.33819","0.29967","0.29967","0.29967","0.34585","0.34585","0.34585","0.00557","0.00557","0.00557","0.36897","0.36897","0.36897","0","0","0"
"35","0.27261","0.27261","0.27261","0.31324","0.31324","0.31324","0.3773","0.3773","0.3773","0.36221","0.36221","0.36221","0.33322","0.33322","0.33322","0.36728","0.36728","0.36728","0.39098","0.39098","0.39098","0","0","0","0.37772","0.37772","0.37772","0","0","0"
"36","0.25009","0.25009","0.25009","0.28784","0.28784","0.28784","0.35333","0.35333","0.35333","0.36962","0.36962","0.36962","0.36114","0.36114","0.36114","0.37337","0.37337","0.37337","0.34896","0.34896","0.34896","0","0","0","0.37981","0.37981","0.37981","0","0","0"
"37","0.19897","0.19897","0.19897","0.32979","0.32979","0.32979","0.38834","0.38834","0.38834","0.37449","0.37449","0.37449","0.28523","0.28523","0.28523","0.35934","0.35934","0.35934","0.39249","0.39249","0.39249","0","0","0","0.37269","0.37269","0.37269","0","0","0"
"38","0.22606","0.22606","0.22606","0.32429","0.32429","0.32429","0.39472","0.39472","0.39472","0.323","0.323","0.323","0.32465","0.32465","0.32465","0.39272","0.39272","0.39272","0.35119","0.35119","0.35119","0","0","0","0.38463","0.38463","0.38463","0","0","0"
"39","0.26142","0.26142","0.26142","0.2739","0.2739","0.2739","0.39001","0.39001","0.39001","0.37786","0.37786","0.37786","0.32883","0.32883","0.32883","0.32829","0.32829","0.32829","0.39525","0.39525","0.39525","0","0","0","0.37879","0.37879","0.37879","0","0","0"
"40","0.29315","0.29315","0.29315","0.33939","0.33939","0.33939","0.38063","0.38063","0.38063","0.38624","0.38624","0.38624","0.33473","0.33473","0.33473","0.36466","0.36466","0.36466","0.39326","0.39326","0.39326","0","0","0","0.36186","0.36186","0.36186","0","0","0"
"41","0.25304","0.25304","0.25304","0.3252","0.3252","0.3252","0.37471","0.37471","0.37471","0.33224","0.33224","0.33224","0.24562","0.24562","0.24562","0.37764","0.37764","0.37764","0.37599","0.37599","0.37599","0","0","0","0.35279","0.35279","0.35279","0","0","0"
"42","0.30651","0.30651","0.30651","0.40579","0.40579","0.40579","0.3401","0.3401","0.3401","0.34076","0.34076","0.34076","0.32294","0.32294","0.32294","0.35504","0.35504","0.35504","0.32178","0.32178","0.32178","0","0","0","0.3226","0.3226","0.3226","0","0","0"
"43","0.3132","0.3132","0.3132","0.36165","0.36165","0.36165","0.39288","0.39288","0.39288","0.38133","0.38133","0.38133","0.31491","0.31491","0.31491","0.39558","0.39558","0.39558","0.3841","0.3841","0.3841","0","0","0","0.32715","0.32715","0.32715","0","0","0"
"44","0.31214","0.31214","0.31214","0.33966","0.33966","0.33966","0.38076","0.38076","0.38076","0.38483","0.38483","0.38483","0.29258","0.29258","0.29258","0.39938","0.39938","0.39938","0.40363","0.40363","0.40363","0","0","0","0.38043","0.38043","0.38043","0","0","0"
"45","0.31498","0.31498","0.31498","0.37842","0.37842","0.37842","0.38036","0.38036","0.38036","0.37823","0.37823","0.37823","0.28729","0.28729","0.28729","0.37851","0.37851","0.37851","0.3873","0.3873","0.3873","0","0","0","0.34625","0.34625","0.34625","0","0","0"
"46","0.27466","0.27466","0.27466","0.37523","0.37523","0.37523","0.39256","0.39256","0.39256","0.37579","0.37579","0.37579","0.31152","0.31152","0.31152","0.37802","0.37802","0.37802","0.38908","0.38908","0.38908","0","0","0","0.38126","0.38126","0.38126","0","0","0"
"47","0.33083","0.33083","0.33083","0.35488","0.35488","0.35488","0.36483","0.36483","0.36483","0.35926","0.35926","0.35926","0.35808","0.35808","0.35808","0.36803","0.36803","0.36803","0.38663","0.38663","0.38663","0","0","0","0.39636","0.39636","0.39636","0","0","0"
"48","0.2889","0.2889","0.2889","0.38613","0.38613","0.38613","0.38451","0.38451","0.38451","0.36759","0.36759","0.36759","0.31226","0.31226","0.31226","0.37717","0.37717","0.37717","0.3931","0.3931","0.3931","0","0","0","0.38544","0.38544","0.38544","0","0","0"
"49","0.3116","0.3116","0.3116","0.37748","0.37748","0.37748","0.40277","0.40277","0.40277","0.39014","0.39014","0.39014","0.37364","0.37364","0.37364","0.3646","0.3646","0.3646","0.40892","0.40892","0.40892","0","0","0","0.40556","0.40556","0.40556","0","0","0"
"50","0.3622","0.3622","0.3622","0.37786","0.37786","0.37786","0.39428","0.39428","0.39428","0.36675","0.36675","0.36675","0.36747","0.36747","0.36747","0.39487","0.39487","0.39487","0.41208","0.41208","0.41208","0","0","0","0.39381","0.39381","0.39381","0","0","0"
"51","0.33105","0.33105","0.33105","0.31769","0.31769","0.31769","0.39199","0.39199","0.39199","0.39242","0.39242","0.39242","0.34727","0.34727","0.34727","0.37472","0.37472","0.37472","0.3962","0.3962","0.3962","0","0","0","0.35824","0.35824","0.35824","0","0","0"
"52","0.33303","0.33303","0.33303","0.37361","0.37361","0.37361","0.38661","0.38661","0.38661","0.39914","0.39914","0.39914","0.34229","0.34229","0.34229","0.37736","0.37736","0.37736","0.40161","0.40161","0.40161","0","0","0","0.3973","0.3973","0.3973","0","0","0"
"53","0.31568","0.31568","0.31568","0.32802","0.32802","0.32802","0.37486","0.37486","0.37486","0.39585","0.39585","0.39585","0.32038","0.32038","0.32038","0.39716","0.39716","0.39716","0.4177","0.4177","0.4177","0","0","0","0.39489","0.39489","0.39489","0","0","0"
"54","0.31805","0.31805","0.31805","0.35548","0.35548","0.35548","0.40151","0.40151","0.40151","0.36744","0.36744","0.36744","0.36644","0.36644","0.36644","0.38996","0.38996","0.38996","0.40026","0.40026","0.40026","0","0","0","0.3914","0.3914","0.3914","0","0","0"
"55","0.34812","0.34812","0.34812","0.31776","0.31776","0.31776","0.39931","0.39931","0.39931","0.38366","0.38366","0.38366","0.37754","0.37754","0.37754","0.44632","0.44632","0.44632","0.39956","0.39956","0.39956","0","0","0","0.40626","0.40626","0.40626","0","0","0"
"56","0.3667","0.3667","0.3667","0.36864","0.36864","0.36864","0.3964","0.3964","0.3964","0.40231","0.40231","0.40231","0.38333","0.38333","0.38333","0.39966","0.39966","0.39966","0.39311","0.39311","0.39311","0","0","0","0.39725","0.39725","0.39725","0","0","0"
"57","0.331","0.331","0.331","0.36252","0.36252","0.36252","0.40016","0.40016","0.40016","0.3355","0.3355","0.3355","0.32124","0.32124","0.32124","0.39688","0.39688","0.39688","0.36973","0.36973","0.36973","0","0","0","0.37767","0.37767","0.37767","0","0","0"
"58","0.38103","0.38103","0.38103","0.35165","0.35165","0.35165","0.36213","0.36213","0.36213","0.35825","0.35825","0.35825","0.35394","0.35394","0.35394","0.39092","0.39092","0.39092","0.40685","0.40685","0.40685","0","0","0","0.37074","0.37074","0.37074","0","0","0"
"59","0.378","0.378","0.378","0.3933","0.3933","0.3933","0.39284","0.39284","0.39284","0.38638","0.38638","0.38638","0.36903","0.36903","0.36903","0.38227","0.38227","0.38227","0.40081","0.40081","0.40081","0","0","0","0.40285","0.40285","0.40285","0","0","0"
"60","0.36182","0.36182","0.36182","0.37025","0.37025","0.37025","0.40881","0.40881","0.40881","0.39952","0.39952","0.39952","0.33961","0.33961","0.33961","0.40105","0.40105","0.40105","0.40003","0.40003","0.40003","0","0","0","0.43743","0.43743","0.43743","0","0","0"
"61","0.34348","0.34348","0.34348","0.38755","0.38755","0.38755","0.39238","0.39238","0.39238","0.39939","0.39939","0.39939","0.37864","0.37864","0.37864","0.39883","0.39883","0.39883","0.44386","0.44386","0.44386","0","0","0","0.41516","0.41516","0.41516","0","0","0"
"62","0.38542","0.38542","0.38542","0.38449","0.38449","0.38449","0.39176","0.39176","0.39176","0.39459","0.39459","0.39459","0.38278","0.38278","0.38278","0.38266","0.38266","0.38266","0.40203","0.40203","0.40203","0","0","0","0.38166","0.38166","0.38166","0","0","0"
"63","0.33616","0.33616","0.33616","0.34932","0.34932","0.34932","0.40886","0.40886","0.40886","0.42416","0.42416","0.42416","0.35642","0.35642","0.35642","0.38001","0.38001","0.38001","0.41726","0.41726","0.41726","0","0","0","0.39737","0.39737","0.39737","0","0","0"
"64","0.31203","0.31203","0.31203","0.34027","0.34027","0.34027","0.39613","0.39613","0.39613","0.39443","0.39443","0.39443","0.40397","0.40397","0.40397","0.39263","0.39263","0.39263","0.4401","0.4401","0.4401","0","0","0","0.43721","0.43721","0.43721","0","0","0"
"65","0.3732","0.3732","0.3732","0.37707","0.37707","0.37707","0.39154","0.39154","0.39154","0.39198","0.39198","0.39198","0.34768","0.34768","0.34768","0.40079","0.40079","0.40079","0.44298","0.44298","0.44298","0","0","0","0.43537","0.43537","0.43537","0","0","0"
"66","0.37862","0.37862","0.37862","0.39011","0.39011","0.39011","0.39758","0.39758","0.39758","0.40892","0.40892","0.40892","0.35281","0.35281","0.35281","0.39452","0.39452","0.39452","0.40841","0.40841","0.40841","0","0","0","0.40426","0.40426","0.40426","0","0","0"
"67","0.32238","0.32238","0.32238","0.28425","0.28425","0.28425","0.40563","0.40563","0.40563","0.41675","0.41675","0.41675","0.35546","0.35546","0.35546","0.40092","0.40092","0.40092","0.45164","0.45164","0.45164","0","0","0","0.42066","0.42066","0.42066","0","0","0"
"68","0.34189","0.34189","0.34189","0.39024","0.39024","0.39024","0.41126","0.41126","0.41126","0.41048","0.41048","0.41048","0.37393","0.37393","0.37393","0.43176","0.43176","0.43176","0.41126","0.41126","0.41126","0","0","0","0.44381","0.44381","0.44381","0","0","0"
"69","0.35963","0.35963","0.35963","0.39642","0.39642","0.39642","0.4067","0.4067","0.4067","0.44561","0.44561","0.44561","0.37076","0.37076","0.37076","0.40898","0.40898","0.40898","0.41595","0.41595","0.41595","0","0","0","0.4033","0.4033","0.4033","0","0","0"
"70","0.3582","0.3582","0.3582","0.38864","0.38864","0.38864","0.41359","0.41359","0.41359","0.38203","0.38203","0.38203","0.37834","0.37834","0.37834","0.40794","0.40794","0.40794","0.43738","0.43738","0.43738","0","0","0","0.43925","0.43925","0.43925","0","0","0"
"71","0.35717","0.35717","0.35717","0.34849","0.34849","0.34849","0.44699","0.44699","0.44699","0.38681","0.38681","0.38681","0.37732","0.37732","0.37732","0.40131","0.40131","0.40131","0.44318","0.44318","0.44318","0","0","0","0.44783","0.44783","0.44783","0","0","0"
"72","0.37854","0.37854","0.37854","0.40941","0.40941","0.40941","0.42601","0.42601","0.42601","0.42714","0.42714","0.42714","0.38706","0.38706","0.38706","0.46015","0.46015","0.46015","0.48552","0.48552","0.48552","0","0","0","0.43186","0.43186","0.43186","0","0","0"
"73","0.33992","0.33992","0.33992","0.41067","0.41067","0.41067","0.40722","0.40722","0.40722","0.43943","0.43943","0.43943","0.39568","0.39568","0.39568","0.3899","0.3899","0.3899","0.44482","0.44482","0.44482","0","0","0","0.45155","0.45155","0.45155","0","0","0"
"74","0.33839","0.33839","0.33839","0.37601","0.37601","0.37601","0.4085","0.4085","0.4085","0.42518","0.42518","0.42518","0.38801","0.38801","0.38801","0.42288","0.42288","0.42288","0.44369","0.44369","0.44369","0","0","0","0.44219","0.44219","0.44219","0","0","0"
"75","0.36251","0.36251","0.36251","0.38325","0.38325","0.38325","0.40531","0.40531","0.40531","0.43649","0.43649","0.43649","0.39778","0.39778","0.39778","0.4257","0.4257","0.4257","0.44392","0.44392","0.44392","0","0","0","0.44241","0.44241","0.44241","0","0","0"
"76","0.36532","0.36532","0.36532","0.39294","0.39294","0.39294","0.42767","0.42767","0.42767","0.40094","0.40094","0.40094","0.37703","0.37703","0.37703","0.43334","0.43334","0.43334","0.44455","0.44455","0.44455","0","0","0","0.42522","0.42522","0.42522","0","0","0"
"77","0.39817","0.39817","0.39817","0.38308","0.38308","0.38308","0.41683","0.41683","0.41683","0.40389","0.40389","0.40389","0.40936","0.40936","0.40936","0.43333","0.43333","0.43333","0.4767","0.4767","0.4767","0","0","0","0.4462","0.4462","0.4462","0","0","0"
"78","0.34856","0.34856","0.34856","0.39479","0.39479","0.39479","0.40989","0.40989","0.40989","0.43147","0.43147","0.43147","0.36621","0.36621","0.36621","0.40379","0.40379","0.40379","0.4798","0.4798","0.4798","0","0","0","0.45098","0.45098","0.45098","0","0","0"
"79","0.3252","0.3252","0.3252","0.39605","0.39605","0.39605","0.45191","0.45191","0.45191","0.48671","0.48671","0.48671","0.37666","0.37666","0.37666","0.41501","0.41501","0.41501","0.45414","0.45414","0.45414","0","0","0","0.45644","0.45644","0.45644","0","0","0"
"80","0.38088","0.38088","0.38088","0.39065","0.39065","0.39065","0.43812","0.43812","0.43812","0.47495","0.47495","0.47495","0.37773","0.37773","0.37773","0.44339","0.44339","0.44339","0.48915","0.48915","0.48915","0","0","0","0.46446","0.46446","0.46446","0","0","0"
"81","0.37915","0.37915","0.37915","0.37737","0.37737","0.37737","0.40214","0.40214","0.40214","0.42558","0.42558","0.42558","0.38012","0.38012","0.38012","0.4059","0.4059","0.4059","0.46802","0.46802","0.46802","0","0","0","0.44896","0.44896","0.44896","0","0","0"
"82","0.38362","0.38362","0.38362","0.39455","0.39455","0.39455","0.45161","0.45161","0.45161","0.44396","0.44396","0.44396","0.40206","0.40206","0.40206","0.45595","0.45595","0.45595","0.44247","0.44247","0.44247","0","0","0","0.45394","0.45394","0.45394","0","0","0"
"83","0.41208","0.41208","0.41208","0.39765","0.39765","0.39765","0.46738","0.46738","0.46738","0.41118","0.41118","0.41118","0.38968","0.38968","0.38968","0.4495","0.4495","0.4495","0.45528","0.45528","0.45528","0","0","0","0.48381","0.48381","0.48381","0","0","0"
"84","0.37303","0.37303","0.37303","0.38924","0.38924","0.38924","0.45662","0.45662","0.45662","0.40582","0.40582","0.40582","0.37945","0.37945","0.37945","0.42691","0.42691","0.42691","0.42661","0.42661","0.42661","0","0","0","0.43357","0.43357","0.43357","0","0","0"
"85","0.36651","0.36651","0.36651","0.39237","0.39237","0.39237","0.4702","0.4702","0.4702","0.42375","0.42375","0.42375","0.39278","0.39278","0.39278","0.44135","0.44135","0.44135","0.44061","0.44061","0.44061","0","0","0","0.44052","0.44052","0.44052","0","0","0"
"86","0.40761","0.40761","0.40761","0.41066","0.41066","0.41066","0.44601","0.44601","0.44601","0.48487","0.48487","0.48487","0.40117","0.40117","0.40117","0.48736","0.48736","0.48736","0.44685","0.44685","0.44685","0","0","0","0.44884","0.44884","0.44884","0","0","0"
"87","0.40535","0.40535","0.40535","0.43141","0.43141","0.43141","0.44614","0.44614","0.44614","0.45186","0.45186","0.45186","0.39524","0.39524","0.39524","0.46575","0.46575","0.46575","0.44955","0.44955","0.44955","0","0","0","0.49339","0.49339","0.49339","0","0","0"
"88","0.36244","0.36244","0.36244","0.40584","0.40584","0.40584","0.4751","0.4751","0.4751","0.44847","0.44847","0.44847","0.37733","0.37733","0.37733","0.46452","0.46452","0.46452","0.47221","0.47221","0.47221","0","0","0","0.44859","0.44859","0.44859","0","0","0"
"89","0.38329","0.38329","0.38329","0.39488","0.39488","0.39488","0.4718","0.4718","0.4718","0.42232","0.42232","0.42232","0.40042","0.40042","0.40042","0.42177","0.42177","0.42177","0.45127","0.45127","0.45127","0","0","0","0.44898","0.44898","0.44898","0","0","0"
"90","0.40474","0.40474","0.40474","0.3916","0.3916","0.3916","0.45237","0.45237","0.45237","0.46397","0.46397","0.46397","0.40283","0.40283","0.40283","0.46536","0.46536","0.46536","0.46669","0.46669","0.46669","0","0","0","0.4601","0.4601","0.4601","0","0","0"
"91","0.41416","0.41416","0.41416","0.40861","0.40861","0.40861","0.43721","0.43721","0.43721","0.4087","0.4087","0.4087","0.42449","0.42449","0.42449","0.47658","0.47658","0.47658","0.4735","0.4735","0.4735","0","0","0","0.44442","0.44442","0.44442","0","0","0"
"92","0.42073","0.42073","0.42073","0.40012","0.40012","0.40012","0.44301","0.44301","0.44301","0.482","0.482","0.482","0.40247","0.40247","0.40247","0.45599","0.45599","0.45599","0.47404","0.47404","0.47404","0","0","0","0.47591","0.47591","0.47591","0","0","0"
"93","0.4097","0.4097","0.4097","0.40395","0.40395","0.40395","0.4729","0.4729","0.4729","0.42149","0.42149","0.42149","0.40452","0.40452","0.40452","0.47304","0.47304","0.47304","0.47966","0.47966","0.47966","0","0","0","0.44892","0.44892","0.44892","0","0","0"
"94","0.43091","0.43091","0.43091","0.44479","0.44479","0.44479","0.4532","0.4532","0.4532","0.45715","0.45715","0.45715","0.41088","0.41088","0.41088","0.49623","0.49623","0.49623","0.48654","0.48654","0.48654","0","0","0","0.46244","0.46244","0.46244","0","0","0"
"95","0.411","0.411","0.411","0.40174","0.40174","0.40174","0.4636","0.4636","0.4636","0.46422","0.46422","0.46422","0.40149","0.40149","0.40149","0.46875","0.46875","0.46875","0.48509","0.48509","0.48509","0","0","0","0.44379","0.44379","0.44379","0","0","0"
"96","0.40404","0.40404","0.40404","0.41075","0.41075","0.41075","0.47183","0.47183","0.47183","0.42912","0.42912","0.42912","0.4156","0.4156","0.4156","0.47277","0.47277","0.47277","0.4704","0.4704","0.4704","0","0","0","0.48624","0.48624","0.48624","0","0","0"
"97","0.40836","0.40836","0.40836","0.4337","0.4337","0.4337","0.46137","0.46137","0.46137","0.46069","0.46069","0.46069","0.40991","0.40991","0.40991","0.47886","0.47886","0.47886","0.47422","0.47422","0.47422","0","0","0","0.46202","0.46202","0.46202","0","0","0"
"98","0.42284","0.42284","0.42284","0.39783","0.39783","0.39783","0.47301","0.47301","0.47301","0.44739","0.44739","0.44739","0.3959","0.3959","0.3959","0.462","0.462","0.462","0.49103","0.49103","0.49103","0","0","0","0.46322","0.46322","0.46322","0","0","0"
"99","0.42783","0.42783","0.42783","0.39519","0.39519","0.39519","0.47378","0.47378","0.47378","0.46549","0.46549","0.46549","0.38884","0.38884","0.38884","0.45786","0.45786","0.45786","0.48555","0.48555","0.48555","0","0","0","0.47687","0.47687","0.47687","0","0","0"
"100","0.42246","0.42246","0.42246","0.40702","0.40702","0.40702","0.46834","0.46834","0.46834","0.42377","0.42377","0.42377","0.39203","0.39203","0.39203","0.4753","0.4753","0.4753","0.46399","0.46399","0.46399","0.03338","0.03338","0.03338","0.4816","0.4816","0.4816","0","0","0"
"101","0.42887","0.42887","0.42887","0.38797","0.38797","0.38797","0.46631","0.46631","0.46631","0.45651","0.45651","0.45651","0.38606","0.38606","0.38606","0.47407","0.47407","0.47407","0.47828","0.47828","0.47828","0.03338","0.03338","0.03338","0.45474","0.45474","0.45474","0","0","0"
"102","0.40155","0.40155","0.40155","0.45058","0.45058","0.45058","0.47268","0.47268","0.47268","0.47413","0.47413","0.47413","0.39979","0.39979","0.39979","0.4747","0.4747","0.4747","0.48343","0.48343","0.48343","0","0","0","0.44202","0.44202","0.44202","0","0","0"
"103","0.39643","0.39643","0.39643","0.39658","0.39658","0.39658","0.46745","0.46745","0.46745","0.47643","0.47643","0.47643","0.43675","0.43675","0.43675","0.46841","0.46841","0.46841","0.47863","0.47863","0.47863","0.08362","0.08362","0.08362","0.46658","0.46658","0.46658","0","0","0"
"104","0.3997","0.3997","0.3997","0.43851","0.43851","0.43851","0.45728","0.45728","0.45728","0.44214","0.44214","0.44214","0.39759","0.39759","0.39759","0.45309","0.45309","0.45309","0.47711","0.47711","0.47711","0.06676","0.06676","0.06676","0.47409","0.47409","0.47409","0","0","0"
"105","0.40908","0.40908","0.40908","0.43873","0.43873","0.43873","0.46166","0.46166","0.46166","0.4575","0.4575","0.4575","0.38628","0.38628","0.38628","0.46504","0.46504","0.46504","0.47078","0.47078","0.47078","0.03342","0.03342","0.03342","0.48152","0.48152","0.48152","0.03346","0.03346","0.03346"
"106","0.39514","0.39514","0.39514","0.43885","0.43885","0.43885","0.46856","0.46856","0.46856","0.44633","0.44633","0.44633","0.38574","0.38574","0.38574","0.46962","0.46962","0.46962","0.48027","0.48027","0.48027","0.03351","0.03351","0.03351","0.46471","0.46471","0.46471","0.03338","0.03338","0.03338"
"107","0.40308","0.40308","0.40308","0.41108","0.41108","0.41108","0.46962","0.46962","0.46962","0.44115","0.44115","0.44115","0.39763","0.39763","0.39763","0.4713","0.4713","0.4713","0.48473","0.48473","0.48473","0.03128","0.03128","0.03128","0.4725","0.4725","0.4725","0","0","0"
"108","0.42162","0.42162","0.42162","0.40099","0.40099","0.40099","0.46117","0.46117","0.46117","0.41595","0.41595","0.41595","0.40109","0.40109","0.40109","0.46722","0.46722","0.46722","0.48134","0.48134","0.48134","0.03465","0.03465","0.03465","0.47046","0.47046","0.47046","0.03351","0.03351","0.03351"
"109","0.41872","0.41872","0.41872","0.41984","0.41984","0.41984","0.48004","0.48004","0.48004","0.46252","0.46252","0.46252","0.44242","0.44242","0.44242","0.45918","0.45918","0.45918","0.4958","0.4958","0.4958","0.06713","0.06713","0.06713","0.49046","0.49046","0.49046","0.06687","0.06687","0.06687"
"110","0.41836","0.41836","0.41836","0.44095","0.44095","0.44095","0.48332","0.48332","0.48332","0.47624","0.47624","0.47624","0.40639","0.40639","0.40639","0.45385","0.45385","0.45385","0.4867","0.4867","0.4867","0.06695","0.06695","0.06695","0.47758","0.47758","0.47758","0.06722","0.06722","0.06722"
"111","0.38995","0.38995","0.38995","0.41454","0.41454","0.41454","0.46746","0.46746","0.46746","0.46245","0.46245","0.46245","0.40147","0.40147","0.40147","0.4829","0.4829","0.4829","0.48501","0.48501","0.48501","0.03482","0.03482","0.03482","0.4733","0.4733","0.4733","0.10054","0.10054","0.10054"
"112","0.42721","0.42721","0.42721","0.44931","0.44931","0.44931","0.46232","0.46232","0.46232","0.47901","0.47901","0.47901","0.41251","0.41251","0.41251","0.4617","0.4617","0.4617","0.48628","0.48628","0.48628","0.06406","0.06406","0.06406","0.47599","0.47599","0.47599","0.06699","0.06699","0.06699"
"113","0.39726","0.39726","0.39726","0.41187","0.41187","0.41187","0.46717","0.46717","0.46717","0.47241","0.47241","0.47241","0.40384","0.40384","0.40384","0.47171","0.47171","0.47171","0.47386","0.47386","0.47386","0.05394","0.05394","0.05394","0.46948","0.46948","0.46948","0.0493","0.0493","0.0493"
"114","0.43117","0.43117","0.43117","0.3853","0.3853","0.3853","0.47492","0.47492","0.47492","0.45083","0.45083","0.45083","0.40802","0.40802","0.40802","0.48289","0.48289","0.48289","0.47913","0.47913","0.47913","0.08462","0.08462","0.08462","0.47589","0.47589","0.47589","0.07497","0.07497","0.07497"
"115","0.43602","0.43602","0.43602","0.44467","0.44467","0.44467","0.46661","0.46661","0.46661","0.46918","0.46918","0.46918","0.39516","0.39516","0.39516","0.48243","0.48243","0.48243","0.48688","0.48688","0.48688","0.1301","0.1301","0.1301","0.48058","0.48058","0.48058","0.03321","0.03321","0.03321"
"116","0.42072","0.42072","0.42072","0.40816","0.40816","0.40816","0.46619","0.46619","0.46619","0.45572","0.45572","0.45572","0.44566","0.44566","0.44566","0.48516","0.48516","0.48516","0.46155","0.46155","0.46155","0.09811","0.09811","0.09811","0.48001","0.48001","0.48001","0.06695","0.06695","0.06695"
"117","0.45711","0.45711","0.45711","0.42891","0.42891","0.42891","0.48387","0.48387","0.48387","0.46584","0.46584","0.46584","0.44052","0.44052","0.44052","0.47077","0.47077","0.47077","0.47235","0.47235","0.47235","0.09852","0.09852","0.09852","0.47429","0.47429","0.47429","0.13271","0.13271","0.13271"
"118","0.43339","0.43339","0.43339","0.44819","0.44819","0.44819","0.44857","0.44857","0.44857","0.47358","0.47358","0.47358","0.39021","0.39021","0.39021","0.46967","0.46967","0.46967","0.4842","0.4842","0.4842","0.16603","0.16603","0.16603","0.47334","0.47334","0.47334","0.09307","0.09307","0.09307"
"119","0.4678","0.4678","0.4678","0.41222","0.41222","0.41222","0.47529","0.47529","0.47529","0.479","0.479","0.479","0.40494","0.40494","0.40494","0.47337","0.47337","0.47337","0.48881","0.48881","0.48881","0.09783","0.09783","0.09783","0.48263","0.48263","0.48263","0.09589","0.09589","0.09589"
"120","0.42367","0.42367","0.42367","0.43776","0.43776","0.43776","0.46944","0.46944","0.46944","0.47563","0.47563","0.47563","0.4397","0.4397","0.4397","0.4642","0.4642","0.4642","0.48128","0.48128","0.48128","0.12659","0.12659","0.12659","0.49294","0.49294","0.49294","0.16713","0.16713","0.16713"
"121","0.41733","0.41733","0.41733","0.40505","0.40505","0.40505","0.46902","0.46902","0.46902","0.46922","0.46922","0.46922","0.41929","0.41929","0.41929","0.47279","0.47279","0.47279","0.47907","0.47907","0.47907","0.13064","0.13064","0.13064","0.4874","0.4874","0.4874","0.13608","0.13608","0.13608"
"122","0.47044","0.47044","0.47044","0.44729","0.44729","0.44729","0.45854","0.45854","0.45854","0.46047","0.46047","0.46047","0.44262","0.44262","0.44262","0.47363","0.47363","0.47363","0.48429","0.48429","0.48429","0.09856","0.09856","0.09856","0.4876","0.4876","0.4876","0.10569","0.10569","0.10569"
"123","0.46641","0.46641","0.46641","0.4093","0.4093","0.4093","0.46221","0.46221","0.46221","0.46434","0.46434","0.46434","0.43801","0.43801","0.43801","0.47541","0.47541","0.47541","0.48407","0.48407","0.48407","0.0678","0.0678","0.0678","0.48099","0.48099","0.48099","0.11913","0.11913","0.11913"
"124","0.43635","0.43635","0.43635","0.42889","0.42889","0.42889","0.46858","0.46858","0.46858","0.44119","0.44119","0.44119","0.41932","0.41932","0.41932","0.48314","0.48314","0.48314","0.48477","0.48477","0.48477","0.17161","0.17161","0.17161","0.47268","0.47268","0.47268","0.11845","0.11845","0.11845"
"125","0.46602","0.46602","0.46602","0.43537","0.43537","0.43537","0.47188","0.47188","0.47188","0.47365","0.47365","0.47365","0.44373","0.44373","0.44373","0.47497","0.47497","0.47497","0.47629","0.47629","0.47629","0.16982","0.16982","0.16982","0.46307","0.46307","0.46307","0.10077","0.10077","0.10077"
"126","0.42479","0.42479","0.42479","0.40301","0.40301","0.40301","0.47918","0.47918","0.47918","0.47072","0.47072","0.47072","0.40277","0.40277","0.40277","0.47779","0.47779","0.47779","0.48895","0.48895","0.48895","0.16432","0.16432","0.16432","0.47545","0.47545","0.47545","0.13978","0.13978","0.13978"
"127","0.46889","0.46889","0.46889","0.43886","0.43886","0.43886","0.48135","0.48135","0.48135","0.45554","0.45554","0.45554","0.44093","0.44093","0.44093","0.46341","0.46341","0.46341","0.48216","0.48216","0.48216","0.09634","0.09634","0.09634","0.47207","0.47207","0.47207","0.10002","0.10002","0.10002"
"128","0.44377","0.44377","0.44377","0.4643","0.4643","0.4643","0.4734","0.4734","0.4734","0.48219","0.48219","0.48219","0.44002","0.44002","0.44002","0.47712","0.47712","0.47712","0.48723","0.48723","0.48723","0.13394","0.13394","0.13394","0.47391","0.47391","0.47391","0.1383","0.1383","0.1383"
"129","0.45192","0.45192","0.45192","0.41413","0.41413","0.41413","0.474","0.474","0.474","0.46835","0.46835","0.46835","0.41079","0.41079","0.41079","0.47901","0.47901","0.47901","0.47096","0.47096","0.47096","0.10116","0.10116","0.10116","0.47955","0.47955","0.47955","0.10025","0.10025","0.10025"
"130","0.44936","0.44936","0.44936","0.42795","0.42795","0.42795","0.49208","0.49208","0.49208","0.47043","0.47043","0.47043","0.43736","0.43736","0.43736","0.47596","0.47596","0.47596","0.48316","0.48316","0.48316","0.24726","0.24726","0.24726","0.47705","0.47705","0.47705","0.13785","0.13785","0.13785"
"131","0.43247","0.43247","0.43247","0.44762","0.44762","0.44762","0.47644","0.47644","0.47644","0.46417","0.46417","0.46417","0.43106","0.43106","0.43106","0.4796","0.4796","0.4796","0.46869","0.46869","0.46869","0.25693","0.25693","0.25693","0.48208","0.48208","0.48208","0.13841","0.13841","0.13841"
"132","0.4485","0.4485","0.4485","0.44097","0.44097","0.44097","0.47957","0.47957","0.47957","0.47712","0.47712","0.47712","0.41108","0.41108","0.41108","0.47445","0.47445","0.47445","0.47414","0.47414","0.47414","0.15285","0.15285","0.15285","0.47873","0.47873","0.47873","0.10223","0.10223","0.10223"
"133","0.46881","0.46881","0.46881","0.44852","0.44852","0.44852","0.47342","0.47342","0.47342","0.45851","0.45851","0.45851","0.41823","0.41823","0.41823","0.47236","0.47236","0.47236","0.47713","0.47713","0.47713","0.25812","0.25812","0.25812","0.47749","0.47749","0.47749","0.09809","0.09809","0.09809"
"134","0.47136","0.47136","0.47136","0.45026","0.45026","0.45026","0.4686","0.4686","0.4686","0.45574","0.45574","0.45574","0.45946","0.45946","0.45946","0.47458","0.47458","0.47458","0.484","0.484","0.484","0.15321","0.15321","0.15321","0.47549","0.47549","0.47549","0.13948","0.13948","0.13948"
"135","0.4402","0.4402","0.4402","0.47107","0.47107","0.47107","0.46627","0.46627","0.46627","0.45369","0.45369","0.45369","0.44386","0.44386","0.44386","0.47569","0.47569","0.47569","0.48089","0.48089","0.48089","0.16629","0.16629","0.16629","0.48132","0.48132","0.48132","0.10419","0.10419","0.10419"
"136","0.46602","0.46602","0.46602","0.4412","0.4412","0.4412","0.46789","0.46789","0.46789","0.47913","0.47913","0.47913","0.41053","0.41053","0.41053","0.48125","0.48125","0.48125","0.4741","0.4741","0.4741","0.19285","0.19285","0.19285","0.48809","0.48809","0.48809","0.13685","0.13685","0.13685"
"137","0.47608","0.47608","0.47608","0.40585","0.40585","0.40585","0.488","0.488","0.488","0.45219","0.45219","0.45219","0.43581","0.43581","0.43581","0.47071","0.47071","0.47071","0.47399","0.47399","0.47399","0.24391","0.24391","0.24391","0.48123","0.48123","0.48123","0.13439","0.13439","0.13439"
"138","0.47477","0.47477","0.47477","0.48732","0.48732","0.48732","0.47713","0.47713","0.47713","0.47944","0.47944","0.47944","0.4331","0.4331","0.4331","0.48584","0.48584","0.48584","0.48535","0.48535","0.48535","0.22345","0.22345","0.22345","0.48095","0.48095","0.48095","0.17153","0.17153","0.17153"
"139","0.42622","0.42622","0.42622","0.45794","0.45794","0.45794","0.47159","0.47159","0.47159","0.46588","0.46588","0.46588","0.43143","0.43143","0.43143","0.49405","0.49405","0.49405","0.49141","0.49141","0.49141","0.23064","0.23064","0.23064","0.50347","0.50347","0.50347","0.17583","0.17583","0.17583"
"140","0.45237","0.45237","0.45237","0.45237","0.45237","0.45237","0.4733","0.4733","0.4733","0.47338","0.47338","0.47338","0.43782","0.43782","0.43782","0.47548","0.47548","0.47548","0.47776","0.47776","0.47776","0.33457","0.33457","0.33457","0.47685","0.47685","0.47685","0.11602","0.11602","0.11602"
"141","0.45431","0.45431","0.45431","0.47721","0.47721","0.47721","0.45581","0.45581","0.45581","0.44578","0.44578","0.44578","0.43284","0.43284","0.43284","0.49992","0.49992","0.49992","0.47169","0.47169","0.47169","0.33966","0.33966","0.33966","0.48912","0.48912","0.48912","0.25372","0.25372","0.25372"
"142","0.46357","0.46357","0.46357","0.45406","0.45406","0.45406","0.4792","0.4792","0.4792","0.47152","0.47152","0.47152","0.4275","0.4275","0.4275","0.4821","0.4821","0.4821","0.47878","0.47878","0.47878","0.29694","0.29694","0.29694","0.48668","0.48668","0.48668","0.14067","0.14067","0.14067"
"143","0.43471","0.43471","0.43471","0.47022","0.47022","0.47022","0.48227","0.48227","0.48227","0.46271","0.46271","0.46271","0.43357","0.43357","0.43357","0.47326","0.47326","0.47326","0.48663","0.48663","0.48663","0.32405","0.32405","0.32405","0.47711","0.47711","0.47711","0.16782","0.16782","0.16782"
"144","0.47009","0.47009","0.47009","0.40983","0.40983","0.40983","0.47269","0.47269","0.47269","0.44892","0.44892","0.44892","0.44023","0.44023","0.44023","0.47423","0.47423","0.47423","0.4776","0.4776","0.4776","0.26819","0.26819","0.26819","0.47202","0.47202","0.47202","0.23448","0.23448","0.23448"
"145","0.46449","0.46449","0.46449","0.45179","0.45179","0.45179","0.48426","0.48426","0.48426","0.4419","0.4419","0.4419","0.43009","0.43009","0.43009","0.47775","0.47775","0.47775","0.48171","0.48171","0.48171","0.34535","0.34535","0.34535","0.48102","0.48102","0.48102","0.23883","0.23883","0.23883"
"146","0.46506","0.46506","0.46506","0.44013","0.44013","0.44013","0.48669","0.48669","0.48669","0.46387","0.46387","0.46387","0.4426","0.4426","0.4426","0.47507","0.47507","0.47507","0.47321","0.47321","0.47321","0.35716","0.35716","0.35716","0.4812","0.4812","0.4812","0.27305","0.27305","0.27305"
"147","0.43573","0.43573","0.43573","0.43744","0.43744","0.43744","0.4833","0.4833","0.4833","0.45162","0.45162","0.45162","0.45492","0.45492","0.45492","0.48676","0.48676","0.48676","0.47802","0.47802","0.47802","0.32804","0.32804","0.32804","0.48636","0.48636","0.48636","0.24424","0.24424","0.24424"
"148","0.42723","0.42723","0.42723","0.41143","0.41143","0.41143","0.47703","0.47703","0.47703","0.4583","0.4583","0.4583","0.40445","0.40445","0.40445","0.47588","0.47588","0.47588","0.48289","0.48289","0.48289","0.34035","0.34035","0.34035","0.46327","0.46327","0.46327","0.20398","0.20398","0.20398"
"149","0.46175","0.46175","0.46175","0.4632","0.4632","0.4632","0.47409","0.47409","0.47409","0.46667","0.46667","0.46667","0.46205","0.46205","0.46205","0.48757","0.48757","0.48757","0.47589","0.47589","0.47589","0.35296","0.35296","0.35296","0.47738","0.47738","0.47738","0.25645","0.25645","0.25645"
"150","0.45007","0.45007","0.45007","0.46039","0.46039","0.46039","0.47878","0.47878","0.47878","0.46688","0.46688","0.46688","0.45692","0.45692","0.45692","0.46719","0.46719","0.46719","0.47497","0.47497","0.47497","0.32353","0.32353","0.32353","0.47482","0.47482","0.47482","0.23293","0.23293","0.23293"
"151","0.4629","0.4629","0.4629","0.43894","0.43894","0.43894","0.48441","0.48441","0.48441","0.47309","0.47309","0.47309","0.42158","0.42158","0.42158","0.47051","0.47051","0.47051","0.49178","0.49178","0.49178","0.37215","0.37215","0.37215","0.47307","0.47307","0.47307","0.30049","0.30049","0.30049"
"152","0.46916","0.46916","0.46916","0.46437","0.46437","0.46437","0.49186","0.49186","0.49186","0.45527","0.45527","0.45527","0.44733","0.44733","0.44733","0.46461","0.46461","0.46461","0.46788","0.46788","0.46788","0.3273","0.3273","0.3273","0.47063","0.47063","0.47063","0.23869","0.23869","0.23869"
"153","0.46489","0.46489","0.46489","0.45964","0.45964","0.45964","0.47842","0.47842","0.47842","0.4771","0.4771","0.4771","0.41206","0.41206","0.41206","0.48184","0.48184","0.48184","0.47952","0.47952","0.47952","0.3661","0.3661","0.3661","0.48131","0.48131","0.48131","0.29911","0.29911","0.29911"
"154","0.46396","0.46396","0.46396","0.47015","0.47015","0.47015","0.48538","0.48538","0.48538","0.46336","0.46336","0.46336","0.41992","0.41992","0.41992","0.48059","0.48059","0.48059","0.47373","0.47373","0.47373","0.32326","0.32326","0.32326","0.48193","0.48193","0.48193","0.23437","0.23437","0.23437"
"155","0.46631","0.46631","0.46631","0.45294","0.45294","0.45294","0.48259","0.48259","0.48259","0.45646","0.45646","0.45646","0.40515","0.40515","0.40515","0.47371","0.47371","0.47371","0.46234","0.46234","0.46234","0.37309","0.37309","0.37309","0.47002","0.47002","0.47002","0.30762","0.30762","0.30762"
"156","0.46866","0.46866","0.46866","0.46113","0.46113","0.46113","0.4735","0.4735","0.4735","0.46668","0.46668","0.46668","0.42414","0.42414","0.42414","0.46667","0.46667","0.46667","0.48001","0.48001","0.48001","0.35949","0.35949","0.35949","0.47651","0.47651","0.47651","0.30129","0.30129","0.30129"
"157","0.45523","0.45523","0.45523","0.47972","0.47972","0.47972","0.49196","0.49196","0.49196","0.46812","0.46812","0.46812","0.43314","0.43314","0.43314","0.48193","0.48193","0.48193","0.48037","0.48037","0.48037","0.35802","0.35802","0.35802","0.48057","0.48057","0.48057","0.3696","0.3696","0.3696"
"158","0.42664","0.42664","0.42664","0.45765","0.45765","0.45765","0.4853","0.4853","0.4853","0.47784","0.47784","0.47784","0.40152","0.40152","0.40152","0.47837","0.47837","0.47837","0.48458","0.48458","0.48458","0.31992","0.31992","0.31992","0.47407","0.47407","0.47407","0.32741","0.32741","0.32741"
"159","0.47402","0.47402","0.47402","0.47977","0.47977","0.47977","0.48811","0.48811","0.48811","0.48061","0.48061","0.48061","0.43377","0.43377","0.43377","0.48135","0.48135","0.48135","0.47821","0.47821","0.47821","0.3558","0.3558","0.3558","0.47254","0.47254","0.47254","0.32882","0.32882","0.32882"
"160","0.43636","0.43636","0.43636","0.4693","0.4693","0.4693","0.4928","0.4928","0.4928","0.4636","0.4636","0.4636","0.47904","0.47904","0.47904","0.48281","0.48281","0.48281","0.48347","0.48347","0.48347","0.37138","0.37138","0.37138","0.47728","0.47728","0.47728","0.36672","0.36672","0.36672"
"161","0.47681","0.47681","0.47681","0.48178","0.48178","0.48178","0.47418","0.47418","0.47418","0.4595","0.4595","0.4595","0.42918","0.42918","0.42918","0.48179","0.48179","0.48179","0.47883","0.47883","0.47883","0.36863","0.36863","0.36863","0.47686","0.47686","0.47686","0.33779","0.33779","0.33779"
"162","0.47547","0.47547","0.47547","0.47224","0.47224","0.47224","0.47923","0.47923","0.47923","0.46465","0.46465","0.46465","0.42451","0.42451","0.42451","0.47668","0.47668","0.47668","0.47626","0.47626","0.47626","0.36703","0.36703","0.36703","0.47865","0.47865","0.47865","0.30483","0.30483","0.30483"
"163","0.46156","0.46156","0.46156","0.46617","0.46617","0.46617","0.47066","0.47066","0.47066","0.45625","0.45625","0.45625","0.42258","0.42258","0.42258","0.4841","0.4841","0.4841","0.47969","0.47969","0.47969","0.37752","0.37752","0.37752","0.47909","0.47909","0.47909","0.36393","0.36393","0.36393"
"164","0.47186","0.47186","0.47186","0.46864","0.46864","0.46864","0.48948","0.48948","0.48948","0.47939","0.47939","0.47939","0.45304","0.45304","0.45304","0.48453","0.48453","0.48453","0.48768","0.48768","0.48768","0.37994","0.37994","0.37994","0.47355","0.47355","0.47355","0.33511","0.33511","0.33511"
"165","0.44299","0.44299","0.44299","0.4648","0.4648","0.4648","0.46554","0.46554","0.46554","0.46576","0.46576","0.46576","0.41739","0.41739","0.41739","0.46966","0.46966","0.46966","0.48623","0.48623","0.48623","0.37192","0.37192","0.37192","0.47524","0.47524","0.47524","0.37435","0.37435","0.37435"
"166","0.47342","0.47342","0.47342","0.44331","0.44331","0.44331","0.46934","0.46934","0.46934","0.46771","0.46771","0.46771","0.42931","0.42931","0.42931","0.47961","0.47961","0.47961","0.48423","0.48423","0.48423","0.38739","0.38739","0.38739","0.49029","0.49029","0.49029","0.33554","0.33554","0.33554"
"167","0.47027","0.47027","0.47027","0.47156","0.47156","0.47156","0.48365","0.48365","0.48365","0.47584","0.47584","0.47584","0.44574","0.44574","0.44574","0.47766","0.47766","0.47766","0.4799","0.4799","0.4799","0.35234","0.35234","0.35234","0.47653","0.47653","0.47653","0.34676","0.34676","0.34676"
"168","0.4664","0.4664","0.4664","0.47689","0.47689","0.47689","0.46093","0.46093","0.46093","0.45961","0.45961","0.45961","0.42671","0.42671","0.42671","0.47392","0.47392","0.47392","0.48498","0.48498","0.48498","0.36312","0.36312","0.36312","0.47107","0.47107","0.47107","0.29907","0.29907","0.29907"
"169","0.45398","0.45398","0.45398","0.487","0.487","0.487","0.48827","0.48827","0.48827","0.47255","0.47255","0.47255","0.41068","0.41068","0.41068","0.4713","0.4713","0.4713","0.4864","0.4864","0.4864","0.36298","0.36298","0.36298","0.47231","0.47231","0.47231","0.34228","0.34228","0.34228"
"170","0.46631","0.46631","0.46631","0.4606","0.4606","0.4606","0.48368","0.48368","0.48368","0.46013","0.46013","0.46013","0.45719","0.45719","0.45719","0.48551","0.48551","0.48551","0.48602","0.48602","0.48602","0.34366","0.34366","0.34366","0.48933","0.48933","0.48933","0.35795","0.35795","0.35795"
"171","0.46855","0.46855","0.46855","0.46255","0.46255","0.46255","0.46864","0.46864","0.46864","0.45916","0.45916","0.45916","0.40774","0.40774","0.40774","0.48532","0.48532","0.48532","0.47871","0.47871","0.47871","0.35537","0.35537","0.35537","0.47519","0.47519","0.47519","0.32113","0.32113","0.32113"
"172","0.44715","0.44715","0.44715","0.48038","0.48038","0.48038","0.47173","0.47173","0.47173","0.45804","0.45804","0.45804","0.42298","0.42298","0.42298","0.47959","0.47959","0.47959","0.49789","0.49789","0.49789","0.37819","0.37819","0.37819","0.48288","0.48288","0.48288","0.37229","0.37229","0.37229"
"173","0.45878","0.45878","0.45878","0.45491","0.45491","0.45491","0.48284","0.48284","0.48284","0.46261","0.46261","0.46261","0.4751","0.4751","0.4751","0.48963","0.48963","0.48963","0.48518","0.48518","0.48518","0.35086","0.35086","0.35086","0.48425","0.48425","0.48425","0.35609","0.35609","0.35609"
"174","0.43362","0.43362","0.43362","0.46986","0.46986","0.46986","0.46415","0.46415","0.46415","0.45983","0.45983","0.45983","0.43429","0.43429","0.43429","0.4859","0.4859","0.4859","0.4867","0.4867","0.4867","0.37409","0.37409","0.37409","0.48176","0.48176","0.48176","0.36427","0.36427","0.36427"
"175","0.45536","0.45536","0.45536","0.44859","0.44859","0.44859","0.48943","0.48943","0.48943","0.47447","0.47447","0.47447","0.41465","0.41465","0.41465","0.46998","0.46998","0.46998","0.4877","0.4877","0.4877","0.35562","0.35562","0.35562","0.47413","0.47413","0.47413","0.34444","0.34444","0.34444"
"176","0.45375","0.45375","0.45375","0.46841","0.46841","0.46841","0.48956","0.48956","0.48956","0.45754","0.45754","0.45754","0.45108","0.45108","0.45108","0.47733","0.47733","0.47733","0.48672","0.48672","0.48672","0.36221","0.36221","0.36221","0.48711","0.48711","0.48711","0.36597","0.36597","0.36597"
"177","0.47514","0.47514","0.47514","0.46335","0.46335","0.46335","0.48661","0.48661","0.48661","0.46921","0.46921","0.46921","0.46455","0.46455","0.46455","0.48733","0.48733","0.48733","0.47424","0.47424","0.47424","0.35624","0.35624","0.35624","0.48879","0.48879","0.48879","0.35417","0.35417","0.35417"
"178","0.46656","0.46656","0.46656","0.47195","0.47195","0.47195","0.48729","0.48729","0.48729","0.46127","0.46127","0.46127","0.43143","0.43143","0.43143","0.48034","0.48034","0.48034","0.48254","0.48254","0.48254","0.37038","0.37038","0.37038","0.48488","0.48488","0.48488","0.36237","0.36237","0.36237"
"179","0.44791","0.44791","0.44791","0.45318","0.45318","0.45318","0.48029","0.48029","0.48029","0.47208","0.47208","0.47208","0.47268","0.47268","0.47268","0.48538","0.48538","0.48538","0.48494","0.48494","0.48494","0.38318","0.38318","0.38318","0.48281","0.48281","0.48281","0.36815","0.36815","0.36815"
"180","0.47591","0.47591","0.47591","0.46242","0.46242","0.46242","0.48124","0.48124","0.48124","0.45869","0.45869","0.45869","0.4778","0.4778","0.4778","0.4725","0.4725","0.4725","0.48435","0.48435","0.48435","0.35914","0.35914","0.35914","0.47971","0.47971","0.47971","0.38267","0.38267","0.38267"
"181","0.44455","0.44455","0.44455","0.45583","0.45583","0.45583","0.48271","0.48271","0.48271","0.461","0.461","0.461","0.42446","0.42446","0.42446","0.4772","0.4772","0.4772","0.4841","0.4841","0.4841","0.36606","0.36606","0.36606","0.48375","0.48375","0.48375","0.35143","0.35143","0.35143"
"182","0.47398","0.47398","0.47398","0.45286","0.45286","0.45286","0.48191","0.48191","0.48191","0.47364","0.47364","0.47364","0.46352","0.46352","0.46352","0.48539","0.48539","0.48539","0.48084","0.48084","0.48084","0.37934","0.37934","0.37934","0.4829","0.4829","0.4829","0.35586","0.35586","0.35586"
"183","0.47577","0.47577","0.47577","0.47354","0.47354","0.47354","0.48873","0.48873","0.48873","0.47756","0.47756","0.47756","0.43534","0.43534","0.43534","0.48281","0.48281","0.48281","0.48642","0.48642","0.48642","0.36364","0.36364","0.36364","0.48927","0.48927","0.48927","0.35555","0.35555","0.35555"
"184","0.45422","0.45422","0.45422","0.48506","0.48506","0.48506","0.47841","0.47841","0.47841","0.47355","0.47355","0.47355","0.44841","0.44841","0.44841","0.47363","0.47363","0.47363","0.4713","0.4713","0.4713","0.39823","0.39823","0.39823","0.48263","0.48263","0.48263","0.36669","0.36669","0.36669"
"185","0.47593","0.47593","0.47593","0.46994","0.46994","0.46994","0.48328","0.48328","0.48328","0.46993","0.46993","0.46993","0.45475","0.45475","0.45475","0.47982","0.47982","0.47982","0.46731","0.46731","0.46731","0.3982","0.3982","0.3982","0.48973","0.48973","0.48973","0.3742","0.3742","0.3742"
"186","0.47457","0.47457","0.47457","0.47425","0.47425","0.47425","0.48059","0.48059","0.48059","0.47043","0.47043","0.47043","0.43769","0.43769","0.43769","0.48574","0.48574","0.48574","0.47766","0.47766","0.47766","0.36462","0.36462","0.36462","0.47469","0.47469","0.47469","0.3643","0.3643","0.3643"
"187","0.44358","0.44358","0.44358","0.44494","0.44494","0.44494","0.47997","0.47997","0.47997","0.46498","0.46498","0.46498","0.4444","0.4444","0.4444","0.47437","0.47437","0.47437","0.48897","0.48897","0.48897","0.40744","0.40744","0.40744","0.48066","0.48066","0.48066","0.37051","0.37051","0.37051"
"188","0.44456","0.44456","0.44456","0.48998","0.48998","0.48998","0.47397","0.47397","0.47397","0.45571","0.45571","0.45571","0.46004","0.46004","0.46004","0.47795","0.47795","0.47795","0.483","0.483","0.483","0.40503","0.40503","0.40503","0.4756","0.4756","0.4756","0.3696","0.3696","0.3696"
"189","0.45732","0.45732","0.45732","0.459","0.459","0.459","0.47285","0.47285","0.47285","0.45652","0.45652","0.45652","0.4109","0.4109","0.4109","0.47925","0.47925","0.47925","0.48029","0.48029","0.48029","0.4018","0.4018","0.4018","0.48417","0.48417","0.48417","0.36116","0.36116","0.36116"
"190","0.47684","0.47684","0.47684","0.48251","0.48251","0.48251","0.47521","0.47521","0.47521","0.4653","0.4653","0.4653","0.44352","0.44352","0.44352","0.46879","0.46879","0.46879","0.47223","0.47223","0.47223","0.3671","0.3671","0.3671","0.47872","0.47872","0.47872","0.37394","0.37394","0.37394"
"191","0.46524","0.46524","0.46524","0.48497","0.48497","0.48497","0.48715","0.48715","0.48715","0.47755","0.47755","0.47755","0.4412","0.4412","0.4412","0.48263","0.48263","0.48263","0.47634","0.47634","0.47634","0.36838","0.36838","0.36838","0.4845","0.4845","0.4845","0.36832","0.36832","0.36832"
"192","0.45022","0.45022","0.45022","0.48346","0.48346","0.48346","0.48099","0.48099","0.48099","0.47639","0.47639","0.47639","0.43811","0.43811","0.43811","0.48312","0.48312","0.48312","0.47774","0.47774","0.47774","0.39961","0.39961","0.39961","0.48689","0.48689","0.48689","0.37088","0.37088","0.37088"
"193","0.47986","0.47986","0.47986","0.48407","0.48407","0.48407","0.47905","0.47905","0.47905","0.45799","0.45799","0.45799","0.45801","0.45801","0.45801","0.48528","0.48528","0.48528","0.48526","0.48526","0.48526","0.40222","0.40222","0.40222","0.47546","0.47546","0.47546","0.3624","0.3624","0.3624"
"194","0.4756","0.4756","0.4756","0.46327","0.46327","0.46327","0.47839","0.47839","0.47839","0.45655","0.45655","0.45655","0.42885","0.42885","0.42885","0.48432","0.48432","0.48432","0.47889","0.47889","0.47889","0.37483","0.37483","0.37483","0.4807","0.4807","0.4807","0.37157","0.37157","0.37157"
"195","0.45227","0.45227","0.45227","0.46021","0.46021","0.46021","0.48562","0.48562","0.48562","0.4718","0.4718","0.4718","0.41958","0.41958","0.41958","0.48835","0.48835","0.48835","0.49105","0.49105","0.49105","0.36648","0.36648","0.36648","0.47999","0.47999","0.47999","0.3634","0.3634","0.3634"
"196","0.47502","0.47502","0.47502","0.47321","0.47321","0.47321","0.48535","0.48535","0.48535","0.47321","0.47321","0.47321","0.43279","0.43279","0.43279","0.47776","0.47776","0.47776","0.48597","0.48597","0.48597","0.38302","0.38302","0.38302","0.4835","0.4835","0.4835","0.38443","0.38443","0.38443"
"197","0.44783","0.44783","0.44783","0.46144","0.46144","0.46144","0.48118","0.48118","0.48118","0.48357","0.48357","0.48357","0.44727","0.44727","0.44727","0.47855","0.47855","0.47855","0.49134","0.49134","0.49134","0.34164","0.34164","0.34164","0.48957","0.48957","0.48957","0.36861","0.36861","0.36861"
"198","0.47559","0.47559","0.47559","0.47716","0.47716","0.47716","0.47319","0.47319","0.47319","0.47097","0.47097","0.47097","0.43926","0.43926","0.43926","0.48355","0.48355","0.48355","0.48879","0.48879","0.48879","0.39218","0.39218","0.39218","0.48599","0.48599","0.48599","0.37448","0.37448","0.37448"
"199","0.45277","0.45277","0.45277","0.46739","0.46739","0.46739","0.48765","0.48765","0.48765","0.47598","0.47598","0.47598","0.43672","0.43672","0.43672","0.49118","0.49118","0.49118","0.4877","0.4877","0.4877","0.4002","0.4002","0.4002","0.48463","0.48463","0.48463","0.36356","0.36356","0.36356"
"200","0.45203","0.45203","0.45203","0.46908","0.46908","0.46908","0.4853","0.4853","0.4853","0.47502","0.47502","0.47502","0.46713","0.46713","0.46713","0.47917","0.47917","0.47917","0.49529","0.49529","0.49529","0.408","0.408","0.408","0.48361","0.48361","0.48361","0.37452","0.37452","0.37452"
"201","0.47584","0.47584","0.47584","0.49029","0.49029","0.49029","0.4801","0.4801","0.4801","0.47185","0.47185","0.47185","0.45831","0.45831","0.45831","0.47941","0.47941","0.47941","0.48565","0.48565","0.48565","0.4044","0.4044","0.4044","0.48257","0.48257","0.48257","0.36664","0.36664","0.36664"
"202","0.46006","0.46006","0.46006","0.48548","0.48548","0.48548","0.48227","0.48227","0.48227","0.48564","0.48564","0.48564","0.47196","0.47196","0.47196","0.48202","0.48202","0.48202","0.50215","0.50215","0.50215","0.38379","0.38379","0.38379","0.47586","0.47586","0.47586","0.37037","0.37037","0.37037"
"203","0.47111","0.47111","0.47111","0.48101","0.48101","0.48101","0.49324","0.49324","0.49324","0.47508","0.47508","0.47508","0.44801","0.44801","0.44801","0.48569","0.48569","0.48569","0.486","0.486","0.486","0.40095","0.40095","0.40095","0.48638","0.48638","0.48638","0.36648","0.36648","0.36648"
"204","0.46381","0.46381","0.46381","0.48033","0.48033","0.48033","0.48367","0.48367","0.48367","0.4743","0.4743","0.4743","0.44649","0.44649","0.44649","0.49003","0.49003","0.49003","0.4882","0.4882","0.4882","0.40417","0.40417","0.40417","0.48925","0.48925","0.48925","0.35967","0.35967","0.35967"
"205","0.44322","0.44322","0.44322","0.4734","0.4734","0.4734","0.48239","0.48239","0.48239","0.48326","0.48326","0.48326","0.45255","0.45255","0.45255","0.48799","0.48799","0.48799","0.48274","0.48274","0.48274","0.39104","0.39104","0.39104","0.48468","0.48468","0.48468","0.34331","0.34331","0.34331"
"206","0.47283","0.47283","0.47283","0.4751","0.4751","0.4751","0.4849","0.4849","0.4849","0.46014","0.46014","0.46014","0.43875","0.43875","0.43875","0.5029","0.5029","0.5029","0.48445","0.48445","0.48445","0.40757","0.40757","0.40757","0.47865","0.47865","0.47865","0.37016","0.37016","0.37016"
"207","0.47157","0.47157","0.47157","0.46561","0.46561","0.46561","0.47981","0.47981","0.47981","0.47893","0.47893","0.47893","0.43463","0.43463","0.43463","0.4776","0.4776","0.4776","0.4845","0.4845","0.4845","0.37379","0.37379","0.37379","0.48268","0.48268","0.48268","0.37715","0.37715","0.37715"
"208","0.46872","0.46872","0.46872","0.4823","0.4823","0.4823","0.4858","0.4858","0.4858","0.47549","0.47549","0.47549","0.43276","0.43276","0.43276","0.48692","0.48692","0.48692","0.48288","0.48288","0.48288","0.39133","0.39133","0.39133","0.48528","0.48528","0.48528","0.37848","0.37848","0.37848"
"209","0.46587","0.46587","0.46587","0.47836","0.47836","0.47836","0.48101","0.48101","0.48101","0.46878","0.46878","0.46878","0.45484","0.45484","0.45484","0.4827","0.4827","0.4827","0.48198","0.48198","0.48198","0.37439","0.37439","0.37439","0.48211","0.48211","0.48211","0.36715","0.36715","0.36715"
"210","0.45431","0.45431","0.45431","0.4804","0.4804","0.4804","0.47904","0.47904","0.47904","0.46859","0.46859","0.46859","0.44472","0.44472","0.44472","0.48382","0.48382","0.48382","0.48184","0.48184","0.48184","0.3913","0.3913","0.3913","0.48468","0.48468","0.48468","0.37593","0.37593","0.37593"
"211","0.47315","0.47315","0.47315","0.48516","0.48516","0.48516","0.48266","0.48266","0.48266","0.47704","0.47704","0.47704","0.43243","0.43243","0.43243","0.48111","0.48111","0.48111","0.4839","0.4839","0.4839","0.39568","0.39568","0.39568","0.48543","0.48543","0.48543","0.38225","0.38225","0.38225"
"212","0.46842","0.46842","0.46842","0.46043","0.46043","0.46043","0.4857","0.4857","0.4857","0.47935","0.47935","0.47935","0.44851","0.44851","0.44851","0.47712","0.47712","0.47712","0.48628","0.48628","0.48628","0.37306","0.37306","0.37306","0.48309","0.48309","0.48309","0.36565","0.36565","0.36565"
"213","0.46599","0.46599","0.46599","0.48093","0.48093","0.48093","0.48148","0.48148","0.48148","0.47629","0.47629","0.47629","0.43819","0.43819","0.43819","0.48226","0.48226","0.48226","0.50203","0.50203","0.50203","0.39298","0.39298","0.39298","0.48208","0.48208","0.48208","0.35657","0.35657","0.35657"
"214","0.45747","0.45747","0.45747","0.45532","0.45532","0.45532","0.48369","0.48369","0.48369","0.4766","0.4766","0.4766","0.44845","0.44845","0.44845","0.48412","0.48412","0.48412","0.48451","0.48451","0.48451","0.39441","0.39441","0.39441","0.48253","0.48253","0.48253","0.38803","0.38803","0.38803"
"215","0.46281","0.46281","0.46281","0.47282","0.47282","0.47282","0.47773","0.47773","0.47773","0.48358","0.48358","0.48358","0.43556","0.43556","0.43556","0.48578","0.48578","0.48578","0.47907","0.47907","0.47907","0.36261","0.36261","0.36261","0.47527","0.47527","0.47527","0.38516","0.38516","0.38516"
"216","0.46795","0.46795","0.46795","0.47657","0.47657","0.47657","0.49021","0.49021","0.49021","0.47462","0.47462","0.47462","0.43892","0.43892","0.43892","0.48569","0.48569","0.48569","0.4821","0.4821","0.4821","0.39197","0.39197","0.39197","0.48404","0.48404","0.48404","0.36397","0.36397","0.36397"
"217","0.46928","0.46928","0.46928","0.46065","0.46065","0.46065","0.48797","0.48797","0.48797","0.47197","0.47197","0.47197","0.44302","0.44302","0.44302","0.48539","0.48539","0.48539","0.48388","0.48388","0.48388","0.39512","0.39512","0.39512","0.47978","0.47978","0.47978","0.38491","0.38491","0.38491"
"218","0.46735","0.46735","0.46735","0.47559","0.47559","0.47559","0.48123","0.48123","0.48123","0.47363","0.47363","0.47363","0.44059","0.44059","0.44059","0.48419","0.48419","0.48419","0.47523","0.47523","0.47523","0.37885","0.37885","0.37885","0.48784","0.48784","0.48784","0.38243","0.38243","0.38243"
"219","0.46411","0.46411","0.46411","0.47272","0.47272","0.47272","0.48814","0.48814","0.48814","0.47517","0.47517","0.47517","0.43625","0.43625","0.43625","0.48353","0.48353","0.48353","0.47453","0.47453","0.47453","0.40276","0.40276","0.40276","0.48396","0.48396","0.48396","0.3759","0.3759","0.3759"
"220","0.47067","0.47067","0.47067","0.48241","0.48241","0.48241","0.48694","0.48694","0.48694","0.4601","0.4601","0.4601","0.44296","0.44296","0.44296","0.47897","0.47897","0.47897","0.48472","0.48472","0.48472","0.42084","0.42084","0.42084","0.481","0.481","0.481","0.35881","0.35881","0.35881"
"221","0.45992","0.45992","0.45992","0.46371","0.46371","0.46371","0.4899","0.4899","0.4899","0.47419","0.47419","0.47419","0.44966","0.44966","0.44966","0.4767","0.4767","0.4767","0.48943","0.48943","0.48943","0.392","0.392","0.392","0.4885","0.4885","0.4885","0.37924","0.37924","0.37924"
"222","0.4583","0.4583","0.4583","0.45485","0.45485","0.45485","0.48448","0.48448","0.48448","0.4774","0.4774","0.4774","0.44112","0.44112","0.44112","0.48301","0.48301","0.48301","0.48783","0.48783","0.48783","0.38146","0.38146","0.38146","0.48194","0.48194","0.48194","0.36789","0.36789","0.36789"
"223","0.47965","0.47965","0.47965","0.47125","0.47125","0.47125","0.49339","0.49339","0.49339","0.47484","0.47484","0.47484","0.44779","0.44779","0.44779","0.48262","0.48262","0.48262","0.4904","0.4904","0.4904","0.38828","0.38828","0.38828","0.48528","0.48528","0.48528","0.38542","0.38542","0.38542"
"224","0.46762","0.46762","0.46762","0.47704","0.47704","0.47704","0.48806","0.48806","0.48806","0.47942","0.47942","0.47942","0.4333","0.4333","0.4333","0.48894","0.48894","0.48894","0.4869","0.4869","0.4869","0.3864","0.3864","0.3864","0.48967","0.48967","0.48967","0.39022","0.39022","0.39022"
"225","0.46543","0.46543","0.46543","0.47056","0.47056","0.47056","0.47819","0.47819","0.47819","0.47687","0.47687","0.47687","0.45269","0.45269","0.45269","0.47622","0.47622","0.47622","0.48343","0.48343","0.48343","0.39435","0.39435","0.39435","0.48102","0.48102","0.48102","0.38069","0.38069","0.38069"
"226","0.47016","0.47016","0.47016","0.48089","0.48089","0.48089","0.48702","0.48702","0.48702","0.48292","0.48292","0.48292","0.44227","0.44227","0.44227","0.48121","0.48121","0.48121","0.48432","0.48432","0.48432","0.38371","0.38371","0.38371","0.49126","0.49126","0.49126","0.39217","0.39217","0.39217"
"227","0.46205","0.46205","0.46205","0.47829","0.47829","0.47829","0.49583","0.49583","0.49583","0.48058","0.48058","0.48058","0.42637","0.42637","0.42637","0.48128","0.48128","0.48128","0.48626","0.48626","0.48626","0.39552","0.39552","0.39552","0.49509","0.49509","0.49509","0.36554","0.36554","0.36554"
"228","0.46411","0.46411","0.46411","0.4659","0.4659","0.4659","0.49383","0.49383","0.49383","0.472","0.472","0.472","0.43023","0.43023","0.43023","0.46977","0.46977","0.46977","0.49122","0.49122","0.49122","0.38318","0.38318","0.38318","0.48233","0.48233","0.48233","0.38141","0.38141","0.38141"
"229","0.45942","0.45942","0.45942","0.47563","0.47563","0.47563","0.50025","0.50025","0.50025","0.47387","0.47387","0.47387","0.44275","0.44275","0.44275","0.47867","0.47867","0.47867","0.48739","0.48739","0.48739","0.38284","0.38284","0.38284","0.48748","0.48748","0.48748","0.37146","0.37146","0.37146"
"230","0.46672","0.46672","0.46672","0.47598","0.47598","0.47598","0.48996","0.48996","0.48996","0.47641","0.47641","0.47641","0.45653","0.45653","0.45653","0.47989","0.47989","0.47989","0.49781","0.49781","0.49781","0.37315","0.37315","0.37315","0.48471","0.48471","0.48471","0.38482","0.38482","0.38482"
"231","0.45957","0.45957","0.45957","0.48111","0.48111","0.48111","0.49492","0.49492","0.49492","0.47122","0.47122","0.47122","0.4515","0.4515","0.4515","0.48611","0.48611","0.48611","0.47757","0.47757","0.47757","0.39684","0.39684","0.39684","0.49031","0.49031","0.49031","0.38725","0.38725","0.38725"
"232","0.48156","0.48156","0.48156","0.47655","0.47655","0.47655","0.49454","0.49454","0.49454","0.47676","0.47676","0.47676","0.44803","0.44803","0.44803","0.4834","0.4834","0.4834","0.48501","0.48501","0.48501","0.38591","0.38591","0.38591","0.4844","0.4844","0.4844","0.37971","0.37971","0.37971"
"233","0.47919","0.47919","0.47919","0.48457","0.48457","0.48457","0.4868","0.4868","0.4868","0.47743","0.47743","0.47743","0.44365","0.44365","0.44365","0.48566","0.48566","0.48566","0.49034","0.49034","0.49034","0.38512","0.38512","0.38512","0.48576","0.48576","0.48576","0.38429","0.38429","0.38429"
"234","0.46381","0.46381","0.46381","0.49406","0.49406","0.49406","0.48544","0.48544","0.48544","0.46842","0.46842","0.46842","0.46495","0.46495","0.46495","0.47708","0.47708","0.47708","0.48657","0.48657","0.48657","0.37895","0.37895","0.37895","0.48045","0.48045","0.48045","0.3821","0.3821","0.3821"
"235","0.46361","0.46361","0.46361","0.48275","0.48275","0.48275","0.49063","0.49063","0.49063","0.48593","0.48593","0.48593","0.45088","0.45088","0.45088","0.47974","0.47974","0.47974","0.50333","0.50333","0.50333","0.37765","0.37765","0.37765","0.48309","0.48309","0.48309","0.38526","0.38526","0.38526"
"236","0.47319","0.47319","0.47319","0.48903","0.48903","0.48903","0.48585","0.48585","0.48585","0.4794362105481185","0.4794362105481185","0.4794362105481185","0.43807","0.43807","0.43807","0.48776","0.48776","0.48776","0.49917","0.49917","0.49917","0.37944","0.37944","0.37944","0.48574","0.48574","0.48574","0.38425","0.38425","0.38425"
"237","0.45746","0.45746","0.45746","0.48353","0.48353","0.48353","0.49198","0.49198","0.49198","","","","0.44213","0.44213","0.44213","0.48612","0.48612","0.48612","0.50059","0.50059","0.50059","0.38573","0.38573","0.38573","0.49158","0.49158","0.49158","0.38751","0.38751","0.38751"
"238","0.4676","0.4676","0.4676","0.46494","0.46494","0.46494","0.49086","0.49086","0.49086","","","","0.43896","0.43896","0.43896","0.48326","0.48326","0.48326","0.48459","0.48459","0.48459","0.38041","0.38041","0.38041","0.48772","0.48772","0.48772","0.3851","0.3851","0.3851"
"239","0.46","0.46","0.46","0.4743","0.4743","0.4743","0.48736","0.48736","0.48736","","","","0.46157","0.46157","0.46157","0.48531","0.48531","0.48531","0.48565","0.48565","0.48565","0.38279","0.38279","0.38279","0.5033994281254512","0.5033994281254512","0.5033994281254512","0.39254","0.39254","0.39254"
"240","0.46591","0.46591","0.46591","0.47312","0.47312","0.47312","0.48196","0.48196","0.48196","","","","0.44694","0.44694","0.44694","0.49226","0.49226","0.49226","0.48728","0.48728","0.48728","0.38254","0.38254","0.38254","","","","0.4","0.4","0.4"
"241","0.47236","0.47236","0.47236","0.46824","0.46824","0.46824","0.48667","0.48667","0.48667","","","","0.45035","0.45035","0.45035","0.48212","0.48212","0.48212","0.48513","0.48513","0.48513","0.38638","0.38638","0.38638","","","","0.38647","0.38647","0.38647"
"242","0.47607","0.47607","0.47607","0.46499","0.46499","0.46499","0.48905","0.48905","0.48905","","","","0.43861","0.43861","0.43861","0.49448","0.49448","0.49448","0.48994","0.48994","0.48994","0.38576","0.38576","0.38576","","","","0.37595","0.37595","0.37595"
"243","0.45835","0.45835","0.45835","0.47263","0.47263","0.47263","0.49238","0.49238","0.49238","","","","0.44973","0.44973","0.44973","0.4875","0.4875","0.4875","0.49123","0.49123","0.49123","0.39135","0.39135","0.39135","","","","0.38281","0.38281","0.38281"
"244","0.47514","0.47514","0.47514","0.46223","0.46223","0.46223","0.49511","0.49511","0.49511","","","","0.45924","0.45924","0.45924","0.48416","0.48416","0.48416","0.50322","0.50322","0.50322","0.39085","0.39085","0.39085","","","","0.36918","0.36918","0.36918"
"245","0.46073","0.46073","0.46073","0.46807","0.46807","0.46807","0.50315","0.50315","0.50315","","","","0.46533","0.46533","0.46533","0.48782","0.48782","0.48782","0.48761","0.48761","0.48761","0.39189","0.39189","0.39189","","","","0.38279","0.38279","0.38279"
"246","0.47127","0.47127","0.47127","0.46282","0.46282","0.46282","0.49283","0.49283","0.49283","","","","0.44786","0.44786","0.44786","0.48351","0.48351","0.48351","0.48272","0.48272","0.48272","0.38302","0.38302","0.38302","","","","0.38314","0.38314","0.38314"
"247","0.46032","0.46032","0.46032","0.48267","0.48267","0.48267","0.49593","0.49593","0.49593","","","","0.46595","0.46595","0.46595","0.49078","0.49078","0.49078","0.48582","0.48582","0.48582","0.41885","0.41885","0.41885","","","","0.37818","0.37818","0.37818"
"248","0.46768","0.46768","0.46768","0.48574","0.48574","0.48574","0.48808","0.48808","0.48808","","","","0.44536","0.44536","0.44536","0.48997","0.48997","0.48997","0.48888","0.48888","0.48888","0.39217","0.39217","0.39217","","","","0.38003","0.38003","0.38003"
"249","0.47584","0.47584","0.47584","0.47209","0.47209","0.47209","0.49494","0.49494","0.49494","","","","0.44439","0.44439","0.44439","0.49091","0.49091","0.49091","0.48265","0.48265","0.48265","0.3871","0.3871","0.3871","","","","0.38602","0.38602","0.38602"
"250","0.46948","0.46948","0.46948","0.47073","0.47073","0.47073","0.48609","0.48609","0.48609","","","","0.47377","0.47377","0.47377","0.49154","0.49154","0.49154","0.48429","0.48429","0.48429","0.39674","0.39674","0.39674","","","","0.36541","0.36541","0.36541"
"251","0.46033","0.46033","0.46033","0.46832","0.46832","0.46832","0.49005","0.49005","0.49005","","","","0.48231","0.48231","0.48231","0.48551","0.48551","0.48551","0.4834","0.4834","0.4834","0.39156","0.39156","0.39156","","","","0.38239","0.38239","0.38239"
"252","0.46256","0.46256","0.46256","0.4674","0.4674","0.4674","0.49248","0.49248","0.49248","","","","0.46098","0.46098","0.46098","0.4899","0.4899","0.4899","0.48662","0.48662","0.48662","0.39361","0.39361","0.39361","","","","0.38975","0.38975","0.38975"
"253","0.46507","0.46507","0.46507","0.46892","0.46892","0.46892","0.49109","0.49109","0.49109","","","","0.45423","0.45423","0.45423","0.48851","0.48851","0.48851","0.48248","0.48248","0.48248","0.42768","0.42768","0.42768","","","","0.39754","0.39754","0.39754"
"254","0.47149","0.47149","0.47149","0.46973","0.46973","0.46973","0.48329","0.48329","0.48329","","","","0.4688","0.4688","0.4688","0.48825","0.48825","0.48825","0.48884","0.48884","0.48884","0.42709","0.42709","0.42709","","","","0.38611","0.38611","0.38611"
"255","0.46583","0.46583","0.46583","0.47819","0.47819","0.47819","0.49375","0.49375","0.49375","","","","0.45828","0.45828","0.45828","0.48895","0.48895","0.48895","0.48009","0.48009","0.48009","0.43719","0.43719","0.43719","","","","0.37806","0.37806","0.37806"
"256","0.4635","0.4635","0.4635","0.47312","0.47312","0.47312","0.49733","0.49733","0.49733","","","","0.45522","0.45522","0.45522","0.48204","0.48204","0.48204","0.47943","0.47943","0.47943","0.41803","0.41803","0.41803","","","","0.37983","0.37983","0.37983"
"257","0.45919","0.45919","0.45919","0.4765","0.4765","0.4765","0.49325","0.49325","0.49325","","","","0.44416","0.44416","0.44416","0.48585","0.48585","0.48585","0.48097","0.48097","0.48097","0.42944","0.42944","0.42944","","","","0.38505","0.38505","0.38505"
"258","0.45905","0.45905","0.45905","0.48504","0.48504","0.48504","0.49579","0.49579","0.49579","","","","0.45772","0.45772","0.45772","0.49249","0.49249","0.49249","0.48641","0.48641","0.48641","0.41117","0.41117","0.41117","","","","0.39222","0.39222","0.39222"
"259","0.46547","0.46547","0.46547","0.47244","0.47244","0.47244","0.48735","0.48735","0.48735","","","","0.46644","0.46644","0.46644","0.48889","0.48889","0.48889","0.48422","0.48422","0.48422","0.43229","0.43229","0.43229","","","","0.37629","0.37629","0.37629"
"260","0.45731","0.45731","0.45731","0.47561","0.47561","0.47561","0.49199","0.49199","0.49199","","","","0.46301","0.46301","0.46301","0.49128","0.49128","0.49128","0.48152","0.48152","0.48152","0.39655","0.39655","0.39655","","","","0.38501","0.38501","0.38501"
"261","0.45247","0.45247","0.45247","0.4727","0.4727","0.4727","0.4966","0.4966","0.4966","","","","0.44706","0.44706","0.44706","0.48324","0.48324","0.48324","0.47887","0.47887","0.47887","0.42772","0.42772","0.42772","","","","0.39021","0.39021","0.39021"
"262","0.46757","0.46757","0.46757","0.48176","0.48176","0.48176","0.48973","0.48973","0.48973","","","","0.44871","0.44871","0.44871","0.4914","0.4914","0.4914","0.51362","0.51362","0.51362","0.42923","0.42923","0.42923","","","","0.38688","0.38688","0.38688"
"263","0.47389","0.47389","0.47389","0.4852","0.4852","0.4852","0.48407","0.48407","0.48407","","","","0.44211","0.44211","0.44211","0.48344","0.48344","0.48344","0.47931","0.47931","0.47931","0.42204","0.42204","0.42204","","","","0.38398","0.38398","0.38398"
"264","0.46778","0.46778","0.46778","0.48315","0.48315","0.48315","0.49117","0.49117","0.49117","","","","0.44759","0.44759","0.44759","0.48726","0.48726","0.48726","0.4816","0.4816","0.4816","0.39466","0.39466","0.39466","","","","0.38923","0.38923","0.38923"
"265","0.45779","0.45779","0.45779","0.47753","0.47753","0.47753","0.49233","0.49233","0.49233","","","","0.44224","0.44224","0.44224","0.4846","0.4846","0.4846","0.49833","0.49833","0.49833","0.42823","0.42823","0.42823","","","","0.38361","0.38361","0.38361"
"266","0.45462","0.45462","0.45462","0.48088","0.48088","0.48088","0.48326","0.48326","0.48326","","","","0.44493","0.44493","0.44493","0.49069","0.49069","0.49069","0.48951","0.48951","0.48951","0.43006","0.43006","0.43006","","","","0.3904","0.3904","0.3904"
"267","0.46652","0.46652","0.46652","0.4708","0.4708","0.4708","0.48929","0.48929","0.48929","","","","0.44185","0.44185","0.44185","0.48942","0.48942","0.48942","0.47964","0.47964","0.47964","0.42191","0.42191","0.42191","","","","0.38259","0.38259","0.38259"
"268","0.47088","0.47088","0.47088","0.47298","0.47298","0.47298","0.48767","0.48767","0.48767","","","","0.45326","0.45326","0.45326","0.48697","0.48697","0.48697","0.48058","0.48058","0.48058","0.42462","0.42462","0.42462","","","","0.38511","0.38511","0.38511"
"269","0.46117","0.46117","0.46117","0.48524","0.48524","0.48524","0.49317","0.49317","0.49317","","","","0.44882","0.44882","0.44882","0.48632","0.48632","0.48632","0.47597","0.47597","0.47597","0.39043","0.39043","0.39043","","","","0.37809","0.37809","0.37809"
"270","0.45809","0.45809","0.45809","0.47052","0.47052","0.47052","0.48748","0.48748","0.48748","","","","0.46675","0.46675","0.46675","0.4874","0.4874","0.4874","0.48066","0.48066","0.48066","0.42725","0.42725","0.42725","","","","0.39","0.39","0.39"
"271","0.45811","0.45811","0.45811","0.47527","0.47527","0.47527","0.49238","0.49238","0.49238","","","","0.44788","0.44788","0.44788","0.48733","0.48733","0.48733","0.48451","0.48451","0.48451","0.42657","0.42657","0.42657","","","","0.38769","0.38769","0.38769"
"272","0.46023","0.46023","0.46023","0.47908","0.47908","0.47908","0.4888","0.4888","0.4888","","","","0.44339","0.44339","0.44339","0.48555","0.48555","0.48555","0.49405","0.49405","0.49405","0.43161","0.43161","0.43161","","","","0.38304","0.38304","0.38304"
"273","0.46548","0.46548","0.46548","0.47972","0.47972","0.47972","0.48682","0.48682","0.48682","","","","0.44233","0.44233","0.44233","0.48924","0.48924","0.48924","0.49922","0.49922","0.49922","0.43172","0.43172","0.43172","","","","0.38939","0.38939","0.38939"
"274","0.45508","0.45508","0.45508","0.48529","0.48529","0.48529","0.49504","0.49504","0.49504","","","","0.44887","0.44887","0.44887","0.49251","0.49251","0.49251","0.51431","0.51431","0.51431","0.43236","0.43236","0.43236","","","","0.38153","0.38153","0.38153"
"275","0.47267","0.47267","0.47267","0.47847","0.47847","0.47847","0.49506","0.49506","0.49506","","","","0.45296","0.45296","0.45296","0.48887","0.48887","0.48887","0.51261","0.51261","0.51261","0.39013","0.39013","0.39013","","","","0.38787","0.38787","0.38787"
"276","0.46519","0.46519","0.46519","0.48327","0.48327","0.48327","0.48999","0.48999","0.48999","","","","0.46348","0.46348","0.46348","0.48964","0.48964","0.48964","0.48358","0.48358","0.48358","0.39761","0.39761","0.39761","","","","0.3909","0.3909","0.3909"
"277","0.48363","0.48363","0.48363","0.47652","0.47652","0.47652","0.48709","0.48709","0.48709","","","","0.47273","0.47273","0.47273","0.48335","0.48335","0.48335","0.47984","0.47984","0.47984","0.4343","0.4343","0.4343","","","","0.39075","0.39075","0.39075"
"278","0.46391","0.46391","0.46391","0.46794","0.46794","0.46794","0.49112","0.49112","0.49112","","","","0.47649","0.47649","0.47649","0.48989","0.48989","0.48989","0.48346","0.48346","0.48346","0.42312","0.42312","0.42312","","","","0.38266","0.38266","0.38266"
"279","0.47438","0.47438","0.47438","0.47757","0.47757","0.47757","0.4957","0.4957","0.4957","","","","0.47146","0.47146","0.47146","0.49029","0.49029","0.49029","0.48239","0.48239","0.48239","0.46046","0.46046","0.46046","","","","0.38448","0.38448","0.38448"
"280","0.46613","0.46613","0.46613","0.46335","0.46335","0.46335","0.49378","0.49378","0.49378","","","","0.44718","0.44718","0.44718","0.48479","0.48479","0.48479","0.48512","0.48512","0.48512","0.44333","0.44333","0.44333","","","","0.38838","0.38838","0.38838"
"281","0.47349","0.47349","0.47349","0.47285","0.47285","0.47285","0.49063","0.49063","0.49063","","","","0.4447","0.4447","0.4447","0.48828","0.48828","0.48828","0.51504","0.51504","0.51504","0.43081","0.43081","0.43081","","","","0.39096","0.39096","0.39096"
"282","0.4603","0.4603","0.4603","0.47142","0.47142","0.47142","0.4901","0.4901","0.4901","","","","0.44784","0.44784","0.44784","0.48693","0.48693","0.48693","0.48487","0.48487","0.48487","0.39728","0.39728","0.39728","","","","0.38852","0.38852","0.38852"
"283","0.46664","0.46664","0.46664","0.48424","0.48424","0.48424","0.48776","0.48776","0.48776","","","","0.45382","0.45382","0.45382","0.49095","0.49095","0.49095","0.49773","0.49773","0.49773","0.41532","0.41532","0.41532","","","","0.3853","0.3853","0.3853"
"284","0.46607","0.46607","0.46607","0.47217","0.47217","0.47217","0.48782","0.48782","0.48782","","","","0.44822","0.44822","0.44822","0.48841","0.48841","0.48841","0.51909","0.51909","0.51909","0.44505","0.44505","0.44505","","","","0.39431","0.39431","0.39431"
"285","0.46201","0.46201","0.46201","0.46675","0.46675","0.46675","0.49467","0.49467","0.49467","","","","0.45166","0.45166","0.45166","0.48588","0.48588","0.48588","0.5023","0.5023","0.5023","0.43946","0.43946","0.43946","","","","0.39291","0.39291","0.39291"
"286","0.46644","0.46644","0.46644","0.47026","0.47026","0.47026","0.49444","0.49444","0.49444","","","","0.44816","0.44816","0.44816","0.48986","0.48986","0.48986","0.48931","0.48931","0.48931","0.4225","0.4225","0.4225","","","","0.39513","0.39513","0.39513"
"287","0.46831","0.46831","0.46831","0.46934","0.46934","0.46934","0.49349","0.49349","0.49349","","","","0.44881","0.44881","0.44881","0.48651","0.48651","0.48651","0.4973","0.4973","0.4973","0.42921","0.42921","0.42921","","","","0.39176","0.39176","0.39176"
"288","0.46228","0.46228","0.46228","0.47687","0.47687","0.47687","0.49678","0.49678","0.49678","","","","0.45691","0.45691","0.45691","0.49182","0.49182","0.49182","0.48484","0.48484","0.48484","0.39624","0.39624","0.39624","","","","0.39044","0.39044","0.39044"
"289","0.46962","0.46962","0.46962","0.47663","0.47663","0.47663","0.48952","0.48952","0.48952","","","","0.451","0.451","0.451","0.49126","0.49126","0.49126","0.51381","0.51381","0.51381","0.39991","0.39991","0.39991","","","","0.38584","0.38584","0.38584"
"290","0.46347","0.46347","0.46347","0.4746","0.4746","0.4746","0.48814","0.48814","0.48814","","","","0.44978","0.44978","0.44978","0.49305","0.49305","0.49305","0.51681","0.51681","0.51681","0.43089","0.43089","0.43089","","","","0.42072","0.42072","0.42072"
"291","0.46329","0.46329","0.46329","0.47773","0.47773","0.47773","0.49586","0.49586","0.49586","","","","0.45402","0.45402","0.45402","0.49393","0.49393","0.49393","0.48225","0.48225","0.48225","0.43079","0.43079","0.43079","","","","0.39276","0.39276","0.39276"
"292","0.46654","0.46654","0.46654","0.47359","0.47359","0.47359","0.49605","0.49605","0.49605","","","","0.44945","0.44945","0.44945","0.49176","0.49176","0.49176","0.49378","0.49378","0.49378","0.42958","0.42958","0.42958","","","","0.41899","0.41899","0.41899"
"293","0.46075","0.46075","0.46075","0.47624","0.47624","0.47624","0.49194","0.49194","0.49194","","","","0.45267","0.45267","0.45267","0.49293","0.49293","0.49293","0.50107","0.50107","0.50107","0.44642","0.44642","0.44642","","","","0.38492","0.38492","0.38492"
"294","0.46576","0.46576","0.46576","0.47496","0.47496","0.47496","0.49314","0.49314","0.49314","","","","0.45205","0.45205","0.45205","0.4932","0.4932","0.4932","0.498","0.498","0.498","0.39899","0.39899","0.39899","","","","0.38133","0.38133","0.38133"
"295","0.46877","0.46877","0.46877","0.4702","0.4702","0.4702","0.49027","0.49027","0.49027","","","","0.45305","0.45305","0.45305","0.49222","0.49222","0.49222","0.51296","0.51296","0.51296","0.43255","0.43255","0.43255","","","","0.384","0.384","0.384"
"296","0.46266","0.46266","0.46266","0.47201","0.47201","0.47201","0.49444","0.49444","0.49444","","","","0.45169","0.45169","0.45169","0.49124","0.49124","0.49124","0.5139","0.5139","0.5139","0.4489","0.4489","0.4489","","","","0.38253","0.38253","0.38253"
"297","0.46067","0.46067","0.46067","0.47449","0.47449","0.47449","0.49231","0.49231","0.49231","","","","0.45292","0.45292","0.45292","0.49102","0.49102","0.49102","0.51381","0.51381","0.51381","0.44433","0.44433","0.44433","","","","0.38297","0.38297","0.38297"
"298","0.46067","0.46067","0.46067","0.47356","0.47356","0.47356","0.4914","0.4914","0.4914","","","","0.45499","0.45499","0.45499","0.48829","0.48829","0.48829","0.51782","0.51782","0.51782","0.42697","0.42697","0.42697","","","","0.39133","0.39133","0.39133"
"299","0.46357","0.46357","0.46357","0.47295","0.47295","0.47295","0.49445","0.49445","0.49445","","","","0.45254","0.45254","0.45254","0.48963","0.48963","0.48963","0.51866","0.51866","0.51866","0.43018","0.43018","0.43018","","","","0.39385","0.39385","0.39385"
"300","0.4798303022422173","0.4798303022422173","0.4798303022422173","0.48516891005316537","0.48516891005316537","0.48516891005316537","0.5032614659313975","0.5032614659313975","0.5032614659313975","","","","0.4714426919945749","0.4714426919945749","0.4714426919945749","0.5027963302573728","0.5027963302573728","0.5027963302573728","0.5168533100967971","0.5168533100967971","0.5168533100967971","0.43018","0.43018","0.43018","","","","0.39385","0.39385","0.39385"