epoch,MLconv[R=100]-ResNet101-CIFAR10-25 - _step,MLconv[R=100]-ResNet101-CIFAR10-25 - _step__MIN,MLconv[R=100]-ResNet101-CIFAR10-25 - _step__MAX,MLconv[R=100]-ResNet101-CIFAR10-25 - best_val_accuracy,MLconv[R=100]-ResNet101-CIFAR10-25 - best_val_accuracy__MIN,MLconv[R=100]-ResNet101-CIFAR10-25 - best_val_accuracy__MAX,MTL[T=42]-ResNet101-CIFAR10-25 - _step,MTL[T=42]-ResNet101-CIFAR10-25 - _step__MIN,MTL[T=42]-ResNet101-CIFAR10-25 - _step__MAX,MTL[T=42]-ResNet101-CIFAR10-25 - best_val_accuracy,MTL[T=42]-ResNet101-CIFAR10-25 - best_val_accuracy__MIN,MTL[T=42]-ResNet101-CIFAR10-25 - best_val_accuracy__MAX,MLconv[R=200]-ResNet101-CIFAR10-25 - _step,MLconv[R=200]-ResNet101-CIFAR10-25 - _step__MIN,MLconv[R=200]-ResNet101-CIFAR10-25 - _step__MAX,MLconv[R=200]-ResNet101-CIFAR10-25 - best_val_accuracy,MLconv[R=200]-ResNet101-CIFAR10-25 - best_val_accuracy__MIN,MLconv[R=200]-ResNet101-CIFAR10-25 - best_val_accuracy__MAX,MLconv[R=300]-ResNet101-CIFAR10-25 - _step,MLconv[R=300]-ResNet101-CIFAR10-25 - _step__MIN,MLconv[R=300]-ResNet101-CIFAR10-25 - _step__MAX,MLconv[R=300]-ResNet101-CIFAR10-25 - best_val_accuracy,MLconv[R=300]-ResNet101-CIFAR10-25 - best_val_accuracy__MIN,MLconv[R=300]-ResNet101-CIFAR10-25 - best_val_accuracy__MAX,LR[K=75]-ResNet101-CIFAR10-25 - _step,LR[K=75]-ResNet101-CIFAR10-25 - _step__MIN,LR[K=75]-ResNet101-CIFAR10-25 - _step__MAX,LR[K=75]-ResNet101-CIFAR10-25 - best_val_accuracy,LR[K=75]-ResNet101-CIFAR10-25 - best_val_accuracy__MIN,LR[K=75]-ResNet101-CIFAR10-25 - best_val_accuracy__MAX,LR[K=150]-ResNet101-CIFAR10-25 - _step,LR[K=150]-ResNet101-CIFAR10-25 - _step__MIN,LR[K=150]-ResNet101-CIFAR10-25 - _step__MAX,LR[K=150]-ResNet101-CIFAR10-25 - best_val_accuracy,LR[K=150]-ResNet101-CIFAR10-25 - best_val_accuracy__MIN,LR[K=150]-ResNet101-CIFAR10-25 - best_val_accuracy__MAX,LR[K=229]-ResNet101-CIFAR10-25 - _step,LR[K=229]-ResNet101-CIFAR10-25 - _step__MIN,LR[K=229]-ResNet101-CIFAR10-25 - _step__MAX,LR[K=229]-ResNet101-CIFAR10-25 - best_val_accuracy,LR[K=229]-ResNet101-CIFAR10-25 - best_val_accuracy__MIN,LR[K=229]-ResNet101-CIFAR10-25 - best_val_accuracy__MAX,LR[K=260]-ResNet101-CIFAR10-25 - _step,LR[K=260]-ResNet101-CIFAR10-25 - _step__MIN,LR[K=260]-ResNet101-CIFAR10-25 - _step__MAX,LR[K=260]-ResNet101-CIFAR10-25 - best_val_accuracy,LR[K=260]-ResNet101-CIFAR10-25 - best_val_accuracy__MIN,LR[K=260]-ResNet101-CIFAR10-25 - best_val_accuracy__MAX,LR[K=300]-ResNet101-CIFAR10-25 - _step,LR[K=300]-ResNet101-CIFAR10-25 - _step__MIN,LR[K=300]-ResNet101-CIFAR10-25 - _step__MAX,LR[K=300]-ResNet101-CIFAR10-25 - best_val_accuracy,LR[K=300]-ResNet101-CIFAR10-25 - best_val_accuracy__MIN,LR[K=300]-ResNet101-CIFAR10-25 - best_val_accuracy__MAX,MLconv[R=345]-ResNet101-CIFAR10-25 - _step,MLconv[R=345]-ResNet101-CIFAR10-25 - _step__MIN,MLconv[R=345]-ResNet101-CIFAR10-25 - _step__MAX,MLconv[R=345]-ResNet101-CIFAR10-25 - best_val_accuracy,MLconv[R=345]-ResNet101-CIFAR10-25 - best_val_accuracy__MIN,MLconv[R=345]-ResNet101-CIFAR10-25 - best_val_accuracy__MAX,MTL[T=15]-ResNet101-CIFAR10-25 - _step,MTL[T=15]-ResNet101-CIFAR10-25 - _step__MIN,MTL[T=15]-ResNet101-CIFAR10-25 - _step__MAX,MTL[T=15]-ResNet101-CIFAR10-25 - best_val_accuracy,MTL[T=15]-ResNet101-CIFAR10-25 - best_val_accuracy__MIN,MTL[T=15]-ResNet101-CIFAR10-25 - best_val_accuracy__MAX,MLconv[R=400]-ResNet101-CIFAR10-25 - _step,MLconv[R=400]-ResNet101-CIFAR10-25 - _step__MIN,MLconv[R=400]-ResNet101-CIFAR10-25 - _step__MAX,MLconv[R=400]-ResNet101-CIFAR10-25 - best_val_accuracy,MLconv[R=400]-ResNet101-CIFAR10-25 - best_val_accuracy__MIN,MLconv[R=400]-ResNet101-CIFAR10-25 - best_val_accuracy__MAX,MTL[T=3]-ResNet101-CIFAR10-25 - _step,MTL[T=3]-ResNet101-CIFAR10-25 - _step__MIN,MTL[T=3]-ResNet101-CIFAR10-25 - _step__MAX,MTL[T=3]-ResNet101-CIFAR10-25 - best_val_accuracy,MTL[T=3]-ResNet101-CIFAR10-25 - best_val_accuracy__MIN,MTL[T=3]-ResNet101-CIFAR10-25 - best_val_accuracy__MAX,ResNet101-CIFAR10-25 - _step,ResNet101-CIFAR10-25 - _step__MIN,ResNet101-CIFAR10-25 - _step__MAX,ResNet101-CIFAR10-25 - best_val_accuracy,ResNet101-CIFAR10-25 - best_val_accuracy__MIN,ResNet101-CIFAR10-25 - best_val_accuracy__MAX,"original_LR-MTL[T=3,lambda_ce=0.70]-ResNet101-CIFAR10-25 - best_val_accuracy","LR-MTL[T=3,lambda_ce=0.70]-ResNet101-CIFAR10-25 - best_val_accuracy","original_LR-MTL[T=15,lambda_ce=0.70]-ResNet101-CIFAR10-25 - best_val_accuracy","LR-MTL[T=15,lambda_ce=0.70]-ResNet101-CIFAR10-25 - best_val_accuracy","original_LR-MTL[T=42,lambda_ce=0.70]-ResNet101-CIFAR10-25 - best_val_accuracy","LR-MTL[T=42,lambda_ce=0.70]-ResNet101-CIFAR10-25 - best_val_accuracy",MTL[T=4]-ResNet101-CIFAR10-25 - best_val_accuracy,MTL[T=16]-ResNet101-CIFAR10-25 - best_val_accuracy,MTL[T=43]-ResNet101-CIFAR10-25 - best_val_accuracy
1,2,2,2,12.2,12.2,12.2,2,2,2,10.15,10.15,10.15,2,2,2,10,10,10,2,2,2,11.51,11.51,11.51,2,2,2,10,10,10,2,2,2,14.52,14.52,14.52,2,2,2,9.89,9.89,9.89,2,2,2,11.28,11.28,11.28,2,2,2,10.15,10.15,10.15,2,2,2,10.36,10.36,10.36,2,2,2,11.51,11.51,11.51,2,2,2,12.19,12.19,12.19,2,2,2,10.09,10.09,10.09,2,2,2,14.38,14.38,14.38,28.3,27.3,25.36,24.36,21.11,20.11,23.85,31.07,28.35
2,4,4,4,12.84,12.84,12.84,4,4,4,17.86,17.86,17.86,4,4,4,12.11,12.11,12.11,4,4,4,11.31,11.31,11.31,4,4,4,10,10,10,4,4,4,10.39,10.39,10.39,4,4,4,10.24,10.24,10.24,4,4,4,12.57,12.57,12.57,4,4,4,10.99,10.99,10.99,4,4,4,10.12,10.12,10.12,4,4,4,19.2,19.2,19.2,4,4,4,20.56,20.56,20.56,4,4,4,15.46,15.46,15.46,4,4,4,20.75,20.75,20.75,33.62,32.62,31.52,30.52,34.87,33.87,34.06,39.08,33.05
3,6,6,6,20.09,20.09,20.09,6,6,6,28.51,28.51,28.51,6,6,6,12.11,12.11,12.11,6,6,6,18.43,18.43,18.43,6,6,6,18.98,18.98,18.98,6,6,6,11.69,11.69,11.69,6,6,6,10.24,10.24,10.24,6,6,6,10.7,10.7,10.7,6,6,6,16.16,16.16,16.16,6,6,6,16.17,16.17,16.17,6,6,6,30.07,30.07,30.07,6,6,6,21.2,21.2,21.2,6,6,6,16.52,16.52,16.52,6,6,6,24.96,24.96,24.96,37.56,36.56,36.1,35.1,34.87,33.87,38.17,39.08,37.68
4,8,8,8,22.1,22.1,22.1,8,8,8,37.51,37.51,37.51,8,8,8,20.89,20.89,20.89,8,8,8,22.21,22.21,22.21,8,8,8,24.65,24.65,24.65,8,8,8,11.69,11.69,11.69,8,8,8,13.97,13.97,13.97,8,8,8,12.71,12.71,12.71,8,8,8,17.21,17.21,17.21,8,8,8,18.65,18.65,18.65,8,8,8,37.58,37.58,37.58,8,8,8,22.05,22.05,22.05,8,8,8,23.47,23.47,23.47,8,8,8,28.8,28.8,28.8,41.36,40.36,37.51,36.51,41.27,40.27,38.17,46.37,43.33
5,10,10,10,26.53,26.53,26.53,10,10,10,38.84,38.84,38.84,10,10,10,21.48,21.48,21.48,10,10,10,23.94,23.94,23.94,10,10,10,24.65,24.65,24.65,10,10,10,13.81,13.81,13.81,10,10,10,20.27,20.27,20.27,10,10,10,15.05,15.05,15.05,10,10,10,22.29,22.29,22.29,10,10,10,22.27,22.27,22.27,10,10,10,42.31,42.31,42.31,10,10,10,26.19,26.19,26.19,10,10,10,25.97,25.97,25.97,10,10,10,30.04,30.04,30.04,41.36,40.36,44,43,41.31,40.31,42.76,47.88,45.32
6,12,12,12,28.75,28.75,28.75,12,12,12,43.65,43.65,43.65,12,12,12,23.37,23.37,23.37,12,12,12,26.23,26.23,26.23,12,12,12,27.03,27.03,27.03,12,12,12,13.38,13.38,13.38,12,12,12,23.67,23.67,23.67,12,12,12,19.52,19.52,19.52,12,12,12,24.54,24.54,24.54,12,12,12,23.35,23.35,23.35,12,12,12,42.31,42.31,42.31,12,12,12,24.78,24.78,24.78,12,12,12,29.86,29.86,29.86,12,12,12,32.83,32.83,32.83,44.02,43.02,44,43,44.96,43.96,45.47,49.74,48.88
7,14,14,14,32.12,32.12,32.12,14,14,14,48.07,48.07,48.07,14,14,14,25.47,25.47,25.47,14,14,14,30.88,30.88,30.88,14,14,14,28.79,28.79,28.79,14,14,14,15.19,15.19,15.19,14,14,14,26.28,26.28,26.28,14,14,14,23.64,23.64,23.64,14,14,14,26.52,26.52,26.52,14,14,14,24.76,24.76,24.76,14,14,14,49.18,49.18,49.18,14,14,14,28.35,28.35,28.35,14,14,14,35.73,35.73,35.73,14,14,14,32.83,32.83,32.83,44.02,43.02,48.01,47.01,46.86,45.86,45.47,49.74,50.97
8,16,16,16,36.64,36.64,36.64,16,16,16,48.07,48.07,48.07,16,16,16,27.03,27.03,27.03,16,16,16,30.88,30.88,30.88,16,16,16,28.79,28.79,28.79,16,16,16,17.73,17.73,17.73,16,16,16,28.31,28.31,28.31,16,16,16,24.32,24.32,24.32,16,16,16,27.04,27.04,27.04,16,16,16,25.22,25.22,25.22,16,16,16,49.18,49.18,49.18,16,16,16,29.88,29.88,29.88,16,16,16,38.56,38.56,38.56,16,16,16,32.83,32.83,32.83,44.02,43.02,48.21,47.21,50.3,49.3,45.47,51.36,50.97
9,18,18,18,35.58,35.58,35.58,18,18,18,48.07,48.07,48.07,18,18,18,28.27,28.27,28.27,18,18,18,30.88,30.88,30.88,18,18,18,28.79,28.79,28.79,18,18,18,18.04,18.04,18.04,18,18,18,28.68,28.68,28.68,18,18,18,24.32,24.32,24.32,18,18,18,27.04,27.04,27.04,18,18,18,26.72,26.72,26.72,18,18,18,52.12,52.12,52.12,18,18,18,32.86,32.86,32.86,18,18,18,43.04,43.04,43.04,18,18,18,32.83,32.83,32.83,44.02,43.02,48.21,47.21,50.3,49.3,45.47,51.36,51.12
10,20,20,20,37.3,37.3,37.3,20,20,20,48.07,48.07,48.07,20,20,20,30.46,30.46,30.46,20,20,20,35.47,35.47,35.47,20,20,20,28.79,28.79,28.79,20,20,20,19.83,19.83,19.83,20,20,20,33.47,33.47,33.47,20,20,20,24.32,24.32,24.32,20,20,20,27.04,27.04,27.04,20,20,20,32.26,32.26,32.26,20,20,20,52.12,52.12,52.12,20,20,20,36.65,36.65,36.65,20,20,20,43.04,43.04,43.04,20,20,20,33.13,33.13,33.13,44.02,43.02,48.21,47.21,53.23,52.23,45.47,53.17,53.15
11,22,22,22,38.84,38.84,38.84,22,22,22,48.18,48.18,48.18,22,22,22,31.08,31.08,31.08,22,22,22,35.47,35.47,35.47,22,22,22,31.88,31.88,31.88,22,22,22,24.37,24.37,24.37,22,22,22,33.49,33.49,33.49,22,22,22,24.59,24.59,24.59,22,22,22,28.67,28.67,28.67,22,22,22,30.79,30.79,30.79,22,22,22,52.12,52.12,52.12,22,22,22,36.65,36.65,36.65,22,22,22,47.55,47.55,47.55,22,22,22,34.39,34.39,34.39,44.02,43.02,48.21,47.21,53.23,52.23,49.02,56.62,56.72
12,24,24,24,38.84,38.84,38.84,24,24,24,54.12,54.12,54.12,24,24,24,34.29,34.29,34.29,24,24,24,37.31,37.31,37.31,24,24,24,30.7,30.7,30.7,24,24,24,28.84,28.84,28.84,24,24,24,33.49,33.49,33.49,24,24,24,25.36,25.36,25.36,24,24,24,33.17,33.17,33.17,24,24,24,35.12,35.12,35.12,24,24,24,56.86,56.86,56.86,24,24,24,36.65,36.65,36.65,24,24,24,51,51,51,24,24,24,34.39,34.39,34.39,44.75,43.75,50.09,49.09,55.65,54.65,51.02,59.47,58.69
13,26,26,26,45.15,45.15,45.15,26,26,26,54.4,54.4,54.4,26,26,26,34.29,34.29,34.29,26,26,26,37.78,37.78,37.78,26,26,26,30.7,30.7,30.7,26,26,26,31.4,31.4,31.4,26,26,26,36.92,36.92,36.92,26,26,26,25.36,25.36,25.36,26,26,26,33.5,33.5,33.5,26,26,26,35.64,35.64,35.64,26,26,26,60.49,60.49,60.49,26,26,26,40.9,40.9,40.9,26,26,26,55.35,55.35,55.35,26,26,26,41.91,41.91,41.91,44.75,43.75,52.38,51.38,55.65,54.65,54.53,59.47,60.48
14,28,28,28,45.15,45.15,45.15,28,28,28,57.08,57.08,57.08,28,28,28,35.16,35.16,35.16,28,28,28,40.9,40.9,40.9,28,28,28,34.46,34.46,34.46,28,28,28,31.18,31.18,31.18,28,28,28,36.92,36.92,36.92,28,28,28,25.58,25.58,25.58,28,28,28,38.69,38.69,38.69,28,28,28,35.64,35.64,35.64,28,28,28,62.84,62.84,62.84,28,28,28,40.98,40.98,40.98,28,28,28,55.35,55.35,55.35,28,28,28,42.65,42.65,42.65,44.75,43.75,52.88,51.88,57.6,56.6,55.23,61.22,61.08
15,30,30,30,45.15,45.15,45.15,30,30,30,57.08,57.08,57.08,30,30,30,35.16,35.16,35.16,30,30,30,44.7,44.7,44.7,30,30,30,39.27,39.27,39.27,30,30,30,33.84,33.84,33.84,30,30,30,36.92,36.92,36.92,30,30,30,25.58,25.58,25.58,30,30,30,38.69,38.69,38.69,30,30,30,38.75,38.75,38.75,30,30,30,62.84,62.84,62.84,30,30,30,40.95,40.95,40.95,30,30,30,55.35,55.35,55.35,30,30,30,45.04,45.04,45.04,46.1,45.1,54.64,53.64,59.88,58.88,56.84,62.72,61.08
16,32,32,32,46.56,46.56,46.56,32,32,32,57.08,57.08,57.08,32,32,32,35.16,35.16,35.16,32,32,32,44.7,44.7,44.7,32,32,32,38.27,38.27,38.27,32,32,32,36.36,36.36,36.36,32,32,32,36.92,36.92,36.92,32,32,32,31.48,31.48,31.48,32,32,32,38.69,38.69,38.69,32,32,32,42.04,42.04,42.04,32,32,32,63.86,63.86,63.86,32,32,32,40.95,40.95,40.95,32,32,32,55.35,55.35,55.35,32,32,32,51.32,51.32,51.32,49.86,48.86,54.64,53.64,59.88,58.88,56.84,64.3,61.45
17,34,34,34,46.91,46.91,46.91,34,34,34,60,60,60,34,34,34,36.05,36.05,36.05,34,34,34,44.7,44.7,44.7,34,34,34,39.93,39.93,39.93,34,34,34,37.38,37.38,37.38,34,34,34,36.92,36.92,36.92,34,34,34,31.48,31.48,31.48,34,34,34,40.43,40.43,40.43,34,34,34,45.16,45.16,45.16,34,34,34,66.57,66.57,66.57,34,34,34,40.95,40.95,40.95,34,34,34,55.35,55.35,55.35,34,34,34,51.32,51.32,51.32,50.18,49.18,58.96,57.96,59.88,58.88,58.74,64.3,63.48
18,36,36,36,51.9,51.9,51.9,36,36,36,60,60,60,36,36,36,42.88,42.88,42.88,36,36,36,47.79,47.79,47.79,36,36,36,39.93,39.93,39.93,36,36,36,37.72,37.72,37.72,36,36,36,36.88,36.88,36.88,36,36,36,34.37,34.37,34.37,36,36,36,44.15,44.15,44.15,36,36,36,45.47,45.47,45.47,36,36,36,66.92,66.92,66.92,36,36,36,40.95,40.95,40.95,36,36,36,60.81,60.81,60.81,36,36,36,51.32,51.32,51.32,50.18,49.18,60.44,59.44,59.88,58.88,59.43,66.51,64.61
19,38,38,38,51.9,51.9,51.9,38,38,38,60,60,60,38,38,38,43.36,43.36,43.36,38,38,38,47.79,47.79,47.79,38,38,38,39.93,39.93,39.93,38,38,38,37.72,37.72,37.72,38,38,38,44.22,44.22,44.22,38,38,38,34.37,34.37,34.37,38,38,38,44.15,44.15,44.15,38,38,38,45.47,45.47,45.47,38,38,38,67.16,67.16,67.16,38,38,38,41.13,41.13,41.13,38,38,38,62.47,62.47,62.47,38,38,38,51.32,51.32,51.32,52.96,51.96,62.42,61.42,63.11,62.11,61.66,67.66,66.23
20,40,40,40,51.9,51.9,51.9,40,40,40,61.72,61.72,61.72,40,40,40,43.89,43.89,43.89,40,40,40,47.79,47.79,47.79,40,40,40,39.93,39.93,39.93,40,40,40,43.1,43.1,43.1,40,40,40,44.22,44.22,44.22,40,40,40,37.09,37.09,37.09,40,40,40,44.15,44.15,44.15,40,40,40,47.33,47.33,47.33,40,40,40,67.16,67.16,67.16,40,40,40,45.48,45.48,45.48,40,40,40,62.47,62.47,62.47,40,40,40,51.32,51.32,51.32,52.96,51.96,62.42,61.42,63.11,62.11,61.66,67.79,67.54
21,42,42,42,51.9,51.9,51.9,42,42,42,64.86,64.86,64.86,42,42,42,43.89,43.89,43.89,42,42,42,47.79,47.79,47.79,42,42,42,39.93,39.93,39.93,42,42,42,43.16,43.16,43.16,42,42,42,44.22,44.22,44.22,42,42,42,37.73,37.73,37.73,42,42,42,49.47,49.47,49.47,42,42,42,47.33,47.33,47.33,42,42,42,69.09,69.09,69.09,42,42,42,44.32,44.32,44.32,42,42,42,64.02,64.02,64.02,42,42,42,52.31,52.31,52.31,52.96,51.96,64.41,63.41,64.6,63.6,61.66,68.44,67.54
22,44,44,44,51.9,51.9,51.9,44,44,44,65.83,65.83,65.83,44,44,44,49.29,49.29,49.29,44,44,44,47.79,47.79,47.79,44,44,44,39.93,39.93,39.93,44,44,44,47.21,47.21,47.21,44,44,44,45.95,45.95,45.95,44,44,44,39.64,39.64,39.64,44,44,44,49.47,49.47,49.47,44,44,44,49.9,49.9,49.9,44,44,44,69.09,69.09,69.09,44,44,44,46.6,46.6,46.6,44,44,44,64.29,64.29,64.29,44,44,44,55.14,55.14,55.14,52.96,51.96,64.41,63.41,64.6,63.6,63.53,69,67.54
23,46,46,46,53.97,53.97,53.97,46,46,46,65.83,65.83,65.83,46,46,46,49.29,49.29,49.29,46,46,46,47.79,47.79,47.79,46,46,46,41.92,41.92,41.92,46,46,46,47.35,47.35,47.35,46,46,46,49.19,49.19,49.19,46,46,46,39.64,39.64,39.64,46,46,46,49.47,49.47,49.47,46,46,46,52.27,52.27,52.27,46,46,46,69.09,69.09,69.09,46,46,46,48.32,48.32,48.32,46,46,46,64.29,64.29,64.29,46,46,46,55.81,55.81,55.81,52.96,51.96,65.75,64.75,67.16,66.16,64.28,69,67.54
24,48,48,48,56.21,56.21,56.21,48,48,48,65.83,65.83,65.83,48,48,48,51.43,51.43,51.43,48,48,48,47.79,47.79,47.79,48,48,48,42.76,42.76,42.76,48,48,48,47.35,47.35,47.35,48,48,48,49.59,49.59,49.59,48,48,48,39.64,39.64,39.64,48,48,48,50.99,50.99,50.99,48,48,48,52.27,52.27,52.27,48,48,48,69.09,69.09,69.09,48,48,48,49.53,49.53,49.53,48,48,48,67.36,67.36,67.36,48,48,48,58.99,58.99,58.99,52.96,51.96,65.75,64.75,67.16,66.16,64.69,69.5,67.54
25,50,50,50,56.21,56.21,56.21,50,50,50,69.01,69.01,69.01,50,50,50,51.43,51.43,51.43,50,50,50,49.9,49.9,49.9,50,50,50,42.55,42.55,42.55,50,50,50,51.26,51.26,51.26,50,50,50,50.6,50.6,50.6,50,50,50,39.13,39.13,39.13,50,50,50,50.99,50.99,50.99,50,50,50,52.27,52.27,52.27,50,50,50,69.09,69.09,69.09,50,50,50,50.15,50.15,50.15,50,50,50,67.36,67.36,67.36,50,50,50,61.99,61.99,61.99,52.96,51.96,65.75,64.75,68.92,67.92,67.85,71.13,68.65
26,52,52,52,56.87,56.87,56.87,52,52,52,69.01,69.01,69.01,52,52,52,51.43,51.43,51.43,52,52,52,52.08,52.08,52.08,52,52,52,42.55,42.55,42.55,52,52,52,51.26,51.26,51.26,52,52,52,45.57,45.57,45.57,52,52,52,43.78,43.78,43.78,52,52,52,56.97,56.97,56.97,52,52,52,52.27,52.27,52.27,52,52,52,69.78,69.78,69.78,52,52,52,50.15,50.15,50.15,52,52,52,67.36,67.36,67.36,52,52,52,61.99,61.99,61.99,55.26,54.26,65.75,64.75,68.92,67.92,68.42,71.6,71.2
27,54,54,54,57.03,57.03,57.03,54,54,54,69.01,69.01,69.01,54,54,54,55.59,55.59,55.59,54,54,54,54.7,54.7,54.7,54,54,54,42.98,42.98,42.98,54,54,54,51.26,51.26,51.26,54,54,54,45.57,45.57,45.57,54,54,54,44.34,44.34,44.34,54,54,54,56.97,56.97,56.97,54,54,54,54.49,54.49,54.49,54,54,54,69.78,69.78,69.78,54,54,54,55.64,55.64,55.64,54,54,54,67.36,67.36,67.36,54,54,54,61.99,61.99,61.99,56.33,55.33,65.75,64.75,68.92,67.92,68.42,71.96,71.2
28,56,56,56,57.77,57.77,57.77,56,56,56,69.6,69.6,69.6,56,56,56,56.76,56.76,56.76,56,56,56,54.7,54.7,54.7,56,56,56,42.98,42.98,42.98,56,56,56,51.01,51.01,51.01,56,56,56,48.17,48.17,48.17,56,56,56,46.49,46.49,46.49,56,56,56,56.97,56.97,56.97,56,56,56,54.49,54.49,54.49,56,56,56,70.94,70.94,70.94,56,56,56,55.64,55.64,55.64,56,56,56,68.51,68.51,68.51,56,56,56,64.76,64.76,64.76,59.21,58.21,65.75,64.75,68.92,67.92,68.42,71.96,71.2
29,58,58,58,59.03,59.03,59.03,58,58,58,69.6,69.6,69.6,58,58,58,56.76,56.76,56.76,58,58,58,55.28,55.28,55.28,58,58,58,45.49,45.49,45.49,58,58,58,51.01,51.01,51.01,58,58,58,49.56,49.56,49.56,58,58,58,49.9,49.9,49.9,58,58,58,56.97,56.97,56.97,58,58,58,54.49,54.49,54.49,58,58,58,71.72,71.72,71.72,58,58,58,55.64,55.64,55.64,58,58,58,68.74,68.74,68.74,58,58,58,64.76,64.76,64.76,61.24,60.24,69.34,68.34,68.92,67.92,68.42,72.73,71.2
30,60,60,60,59.03,59.03,59.03,60,60,60,71,71,71,60,60,60,56.76,56.76,56.76,60,60,60,55.28,55.28,55.28,60,60,60,45.49,45.49,45.49,60,60,60,58.34,58.34,58.34,60,60,60,55.88,55.88,55.88,60,60,60,49.9,49.9,49.9,60,60,60,59.33,59.33,59.33,60,60,60,57.41,57.41,57.41,60,60,60,72.79,72.79,72.79,60,60,60,55.64,55.64,55.64,60,60,60,68.74,68.74,68.74,60,60,60,64.76,64.76,64.76,61.89,60.89,69.34,68.34,69.6,68.6,68.42,72.94,71.2
31,62,62,62,59.03,59.03,59.03,62,62,62,71,71,71,62,62,62,58.87,58.87,58.87,62,62,62,59.36,59.36,59.36,62,62,62,48.3,48.3,48.3,62,62,62,58.34,58.34,58.34,62,62,62,55.88,55.88,55.88,62,62,62,49.9,49.9,49.9,62,62,62,59.33,59.33,59.33,62,62,62,57.41,57.41,57.41,62,62,62,72.81,72.81,72.81,62,62,62,55.64,55.64,55.64,62,62,62,68.74,68.74,68.74,62,62,62,65.45,65.45,65.45,63.28,62.28,70.26,69.26,69.89,68.89,68.42,73.02,72.52
32,64,64,64,61.7,61.7,61.7,64,64,64,71,71,71,64,64,64,61.91,61.91,61.91,64,64,64,59.36,59.36,59.36,64,64,64,48.3,48.3,48.3,64,64,64,58.34,58.34,58.34,64,64,64,55.88,55.88,55.88,64,64,64,49.9,49.9,49.9,64,64,64,59.33,59.33,59.33,64,64,64,60.82,60.82,60.82,64,64,64,72.81,72.81,72.81,64,64,64,55.64,55.64,55.64,64,64,64,69.47,69.47,69.47,64,64,64,65.7,65.7,65.7,63.28,62.28,71.84,70.84,69.89,68.89,71.23,73.02,72.52
33,66,66,66,62.14,62.14,62.14,66,66,66,71,71,71,66,66,66,61.91,61.91,61.91,66,66,66,59.36,59.36,59.36,66,66,66,52.61,52.61,52.61,66,66,66,61.11,61.11,61.11,66,66,66,55.88,55.88,55.88,66,66,66,51.07,51.07,51.07,66,66,66,59.33,59.33,59.33,66,66,66,60.82,60.82,60.82,66,66,66,73.9,73.9,73.9,66,66,66,56.56,56.56,56.56,66,66,66,69.08,69.08,69.08,66,66,66,65.7,65.7,65.7,66.18,65.18,71.84,70.84,72.01,71.01,71.23,74.22,72.52
34,68,68,68,62.14,62.14,62.14,68,68,68,71,71,71,68,68,68,61.91,61.91,61.91,68,68,68,59.36,59.36,59.36,68,68,68,52.61,52.61,52.61,68,68,68,61.11,61.11,61.11,68,68,68,55.88,55.88,55.88,68,68,68,51.07,51.07,51.07,68,68,68,59.33,59.33,59.33,68,68,68,60.82,60.82,60.82,68,68,68,73.62,73.62,73.62,68,68,68,60.48,60.48,60.48,68,68,68,71.13,71.13,71.13,68,68,68,65.71,65.71,65.71,66.18,65.18,71.84,70.84,72.01,71.01,71.23,74.22,73.81
35,70,70,70,62.14,62.14,62.14,70,70,70,71,71,71,70,70,70,61.91,61.91,61.91,70,70,70,59.36,59.36,59.36,70,70,70,52.61,52.61,52.61,70,70,70,61.11,61.11,61.11,70,70,70,55.88,55.88,55.88,70,70,70,53.11,53.11,53.11,70,70,70,59.33,59.33,59.33,70,70,70,60.82,60.82,60.82,70,70,70,73.62,73.62,73.62,70,70,70,61.26,61.26,61.26,70,70,70,71.13,71.13,71.13,70,70,70,66.55,66.55,66.55,66.18,65.18,71.84,70.84,72.01,71.01,71.23,74.22,73.81
36,72,72,72,62.14,62.14,62.14,72,72,72,72.14,72.14,72.14,72,72,72,61.91,61.91,61.91,72,72,72,59.36,59.36,59.36,72,72,72,54.06,54.06,54.06,72,72,72,61.33,61.33,61.33,72,72,72,56.38,56.38,56.38,72,72,72,53.11,53.11,53.11,72,72,72,59.33,59.33,59.33,72,72,72,60.82,60.82,60.82,72,72,72,73.62,73.62,73.62,72,72,72,61.45,61.45,61.45,72,72,72,71.13,71.13,71.13,72,72,72,68.33,68.33,68.33,68.33,67.33,72.61,71.61,73.45,72.45,71.23,74.22,73.81
37,74,74,74,62.14,62.14,62.14,74,74,74,72.14,72.14,72.14,74,74,74,61.91,61.91,61.91,74,74,74,59.36,59.36,59.36,74,74,74,53.63,53.63,53.63,74,74,74,61.33,61.33,61.33,74,74,74,60.13,60.13,60.13,74,74,74,55.75,55.75,55.75,74,74,74,61.12,61.12,61.12,74,74,74,62.11,62.11,62.11,74,74,74,73.62,73.62,73.62,74,74,74,61.45,61.45,61.45,74,74,74,71.13,71.13,71.13,74,74,74,68.33,68.33,68.33,68.33,67.33,72.61,71.61,73.45,72.45,71.25,74.22,73.81
38,76,76,76,62.14,62.14,62.14,76,76,76,72.58,72.58,72.58,76,76,76,65.15,65.15,65.15,76,76,76,59.36,59.36,59.36,76,76,76,53.63,53.63,53.63,76,76,76,61.33,61.33,61.33,76,76,76,60.13,60.13,60.13,76,76,76,55.75,55.75,55.75,76,76,76,61.12,61.12,61.12,76,76,76,62.94,62.94,62.94,76,76,76,73.62,73.62,73.62,76,76,76,61.45,61.45,61.45,76,76,76,71.13,71.13,71.13,76,76,76,68.33,68.33,68.33,69.18,68.18,72.61,71.61,73.45,72.45,72.3,74.22,73.81
39,78,78,78,64.6,64.6,64.6,78,78,78,74.73,74.73,74.73,78,78,78,68.76,68.76,68.76,78,78,78,60.91,60.91,60.91,78,78,78,56.17,56.17,56.17,78,78,78,61.33,61.33,61.33,78,78,78,60.13,60.13,60.13,78,78,78,55.75,55.75,55.75,78,78,78,60.25,60.25,60.25,78,78,78,64.7,64.7,64.7,78,78,78,73.62,73.62,73.62,78,78,78,61.45,61.45,61.45,78,78,78,71.13,71.13,71.13,78,78,78,70.22,70.22,70.22,70.53,69.53,73.02,72.02,73.45,72.45,72.3,75.13,74.57
40,80,80,80,65.45,65.45,65.45,80,80,80,74.73,74.73,74.73,80,80,80,68.76,68.76,68.76,80,80,80,61.03,61.03,61.03,80,80,80,56.17,56.17,56.17,80,80,80,61.33,61.33,61.33,80,80,80,60.13,60.13,60.13,80,80,80,55.75,55.75,55.75,80,80,80,63.28,63.28,63.28,80,80,80,64.7,64.7,64.7,80,80,80,73.71,73.71,73.71,80,80,80,61.45,61.45,61.45,80,80,80,71.69,71.69,71.69,80,80,80,70.22,70.22,70.22,70.82,69.82,73.39,72.39,74.8,73.8,72.81,75.4,75.08
41,82,82,82,66.57,66.57,66.57,82,82,82,74.73,74.73,74.73,82,82,82,68.76,68.76,68.76,82,82,82,63.74,63.74,63.74,82,82,82,56.76,56.76,56.76,82,82,82,61.33,61.33,61.33,82,82,82,60.13,60.13,60.13,82,82,82,55.63,55.63,55.63,82,82,82,63.28,63.28,63.28,82,82,82,64.7,64.7,64.7,82,82,82,75.59,75.59,75.59,82,82,82,61.45,61.45,61.45,82,82,82,73.8,73.8,73.8,82,82,82,70.72,70.72,70.72,70.82,69.82,73.39,72.39,74.8,73.8,74.09,75.4,75.09
42,84,84,84,66.57,66.57,66.57,84,84,84,74.73,74.73,74.73,84,84,84,68.76,68.76,68.76,84,84,84,63.74,63.74,63.74,84,84,84,57.41,57.41,57.41,84,84,84,63.13,63.13,63.13,84,84,84,60.13,60.13,60.13,84,84,84,55.63,55.63,55.63,84,84,84,63.28,63.28,63.28,84,84,84,64.7,64.7,64.7,84,84,84,75.59,75.59,75.59,84,84,84,62.1,62.1,62.1,84,84,84,73.8,73.8,73.8,84,84,84,70.72,70.72,70.72,71.81,70.81,73.51,72.51,74.8,73.8,74.09,75.4,75.4
43,86,86,86,66.57,66.57,66.57,86,86,86,74.73,74.73,74.73,86,86,86,68.76,68.76,68.76,86,86,86,63.74,63.74,63.74,86,86,86,57.41,57.41,57.41,86,86,86,65.59,65.59,65.59,86,86,86,60.13,60.13,60.13,86,86,86,55.63,55.63,55.63,86,86,86,63.28,63.28,63.28,86,86,86,67.55,67.55,67.55,86,86,86,75.59,75.59,75.59,86,86,86,63.71,63.71,63.71,86,86,86,73.8,73.8,73.8,86,86,86,70.72,70.72,70.72,71.81,70.81,74.81,73.81,74.8,73.8,74.09,76.26,75.4
44,88,88,88,66.57,66.57,66.57,88,88,88,74.73,74.73,74.73,88,88,88,68.76,68.76,68.76,88,88,88,63.74,63.74,63.74,88,88,88,57.41,57.41,57.41,88,88,88,65.59,65.59,65.59,88,88,88,60.13,60.13,60.13,88,88,88,55.63,55.63,55.63,88,88,88,63.28,63.28,63.28,88,88,88,67.55,67.55,67.55,88,88,88,75.59,75.59,75.59,88,88,88,63.71,63.71,63.71,88,88,88,73.8,73.8,73.8,88,88,88,72.36,72.36,72.36,73.21,72.21,74.81,73.81,75.14,74.14,74.09,76.26,75.4
45,90,90,90,67.19,67.19,67.19,90,90,90,74.73,74.73,74.73,90,90,90,68.76,68.76,68.76,90,90,90,66.33,66.33,66.33,90,90,90,57.41,57.41,57.41,90,90,90,65.59,65.59,65.59,90,90,90,62.54,62.54,62.54,90,90,90,59.26,59.26,59.26,90,90,90,63.53,63.53,63.53,90,90,90,67.55,67.55,67.55,90,90,90,75.59,75.59,75.59,90,90,90,65.23,65.23,65.23,90,90,90,73.8,73.8,73.8,90,90,90,72.36,72.36,72.36,73.21,72.21,74.81,73.81,75.14,74.14,74.09,76.26,76.32
46,92,92,92,71.07,71.07,71.07,92,92,92,74.73,74.73,74.73,92,92,92,68.76,68.76,68.76,92,92,92,66.33,66.33,66.33,92,92,92,59.56,59.56,59.56,92,92,92,65.59,65.59,65.59,92,92,92,64.83,64.83,64.83,92,92,92,59.26,59.26,59.26,92,92,92,63.53,63.53,63.53,92,92,92,67.55,67.55,67.55,92,92,92,75.59,75.59,75.59,92,92,92,65.57,65.57,65.57,92,92,92,73.8,73.8,73.8,92,92,92,72.36,72.36,72.36,73.21,72.21,74.81,73.81,75.56,74.56,74.09,76.26,76.32
47,94,94,94,71.07,71.07,71.07,94,94,94,75.84,75.84,75.84,94,94,94,68.76,68.76,68.76,94,94,94,66.33,66.33,66.33,94,94,94,59.56,59.56,59.56,94,94,94,65.59,65.59,65.59,94,94,94,64.83,64.83,64.83,94,94,94,59.26,59.26,59.26,94,94,94,63.53,63.53,63.53,94,94,94,67.55,67.55,67.55,94,94,94,75.59,75.59,75.59,94,94,94,65.57,65.57,65.57,94,94,94,73.8,73.8,73.8,94,94,94,72.95,72.95,72.95,73.21,72.21,74.81,73.81,75.56,74.56,74.98,76.71,76.32
48,96,96,96,71.07,71.07,71.07,96,96,96,75.84,75.84,75.84,96,96,96,69.28,69.28,69.28,96,96,96,66.33,66.33,66.33,96,96,96,63.34,63.34,63.34,96,96,96,65.59,65.59,65.59,96,96,96,64.83,64.83,64.83,96,96,96,59.26,59.26,59.26,96,96,96,63.53,63.53,63.53,96,96,96,67.55,67.55,67.55,96,96,96,75.59,75.59,75.59,96,96,96,66.71,66.71,66.71,96,96,96,73.8,73.8,73.8,96,96,96,72.95,72.95,72.95,73.58,72.58,75.98,74.98,75.56,74.56,75.09,76.71,76.91
49,98,98,98,71.07,71.07,71.07,98,98,98,75.84,75.84,75.84,98,98,98,69.28,69.28,69.28,98,98,98,66.81,66.81,66.81,98,98,98,63.34,63.34,63.34,98,98,98,65.59,65.59,65.59,98,98,98,64.83,64.83,64.83,98,98,98,59.26,59.26,59.26,98,98,98,63.53,63.53,63.53,98,98,98,68.88,68.88,68.88,98,98,98,75.9,75.9,75.9,98,98,98,66.71,66.71,66.71,98,98,98,73.85,73.85,73.85,98,98,98,72.95,72.95,72.95,73.58,72.58,75.98,74.98,75.69,74.69,76.04,77.7,76.91
50,100,100,100,71.07,71.07,71.07,100,100,100,75.84,75.84,75.84,100,100,100,69.28,69.28,69.28,100,100,100,66.81,66.81,66.81,100,100,100,63.34,63.34,63.34,100,100,100,65.59,65.59,65.59,100,100,100,64.83,64.83,64.83,100,100,100,59.26,59.26,59.26,100,100,100,63.53,63.53,63.53,100,100,100,68.88,68.88,68.88,100,100,100,76.44,76.44,76.44,100,100,100,66.71,66.71,66.71,100,100,100,73.85,73.85,73.85,100,100,100,73.85,73.85,73.85,74.35,73.35,76.11,75.11,75.82,74.82,76.32,77.7,77.11
51,102,102,102,71.07,71.07,71.07,102,102,102,75.75,75.75,75.75,102,102,102,69.28,69.28,69.28,102,102,102,66.81,66.81,66.81,102,102,102,63.34,63.34,63.34,102,102,102,65.59,65.59,65.59,102,102,102,64.83,64.83,64.83,102,102,102,59.26,59.26,59.26,102,102,102,63.53,63.53,63.53,102,102,102,68.73,68.73,68.73,102,102,102,76.44,76.44,76.44,102,102,102,68.62,68.62,68.62,102,102,102,73.85,73.85,73.85,102,102,102,73.85,73.85,73.85,74.35,73.35,76.11,75.11,75.82,74.82,76.32,77.7,77.11
52,104,104,104,71.07,71.07,71.07,104,104,104,75.75,75.75,75.75,104,104,104,69.28,69.28,69.28,104,104,104,66.81,66.81,66.81,104,104,104,63.5,63.5,63.5,104,104,104,65.59,65.59,65.59,104,104,104,64.83,64.83,64.83,104,104,104,59.26,59.26,59.26,104,104,104,63.59,63.59,63.59,104,104,104,68.73,68.73,68.73,104,104,104,76.44,76.44,76.44,104,104,104,68.62,68.62,68.62,104,104,104,74.49,74.49,74.49,104,104,104,74.8,74.8,74.8,74.35,73.35,76.11,75.11,75.82,74.82,76.32,77.7,77.51
53,106,106,106,71.07,71.07,71.07,106,106,106,75.75,75.75,75.75,106,106,106,69.65,69.65,69.65,106,106,106,66.82,66.82,66.82,106,106,106,63.5,63.5,63.5,106,106,106,65.59,65.59,65.59,106,106,106,64.83,64.83,64.83,106,106,106,59.26,59.26,59.26,106,106,106,63.59,63.59,63.59,106,106,106,68.73,68.73,68.73,106,106,106,76.44,76.44,76.44,106,106,106,68.62,68.62,68.62,106,106,106,74.91,74.91,74.91,106,106,106,74.8,74.8,74.8,74.35,73.35,76.11,75.11,75.82,74.82,76.32,77.7,77.51
54,108,108,108,71.07,71.07,71.07,108,108,108,76.04,76.04,76.04,108,108,108,69.65,69.65,69.65,108,108,108,66.82,66.82,66.82,108,108,108,63.5,63.5,63.5,108,108,108,65.59,65.59,65.59,108,108,108,64.83,64.83,64.83,108,108,108,59.26,59.26,59.26,108,108,108,63.59,63.59,63.59,108,108,108,70.98,70.98,70.98,108,108,108,76.44,76.44,76.44,108,108,108,68.62,68.62,68.62,108,108,108,74.91,74.91,74.91,108,108,108,74.8,74.8,74.8,74.35,73.35,76.11,75.11,76.05,75.05,76.73,77.7,77.51
55,110,110,110,71.07,71.07,71.07,110,110,110,76.04,76.04,76.04,110,110,110,69.65,69.65,69.65,110,110,110,68.45,68.45,68.45,110,110,110,65.79,65.79,65.79,110,110,110,65.59,65.59,65.59,110,110,110,64.83,64.83,64.83,110,110,110,59.26,59.26,59.26,110,110,110,63.59,63.59,63.59,110,110,110,70.98,70.98,70.98,110,110,110,76.44,76.44,76.44,110,110,110,68.62,68.62,68.62,110,110,110,74.91,74.91,74.91,110,110,110,74.8,74.8,74.8,74.35,73.35,77.57,76.57,76.05,75.05,76.73,77.7,77.91
56,112,112,112,71.07,71.07,71.07,112,112,112,76.04,76.04,76.04,112,112,112,69.84,69.84,69.84,112,112,112,68.45,68.45,68.45,112,112,112,65.79,65.79,65.79,112,112,112,65.59,65.59,65.59,112,112,112,64.83,64.83,64.83,112,112,112,60.89,60.89,60.89,112,112,112,63.59,63.59,63.59,112,112,112,70.98,70.98,70.98,112,112,112,76.44,76.44,76.44,112,112,112,70.86,70.86,70.86,112,112,112,74.91,74.91,74.91,112,112,112,74.8,74.8,74.8,75.47,74.47,77.57,76.57,76.05,75.05,76.73,77.7,77.91
57,114,114,114,71.07,71.07,71.07,114,114,114,76.04,76.04,76.04,114,114,114,69.84,69.84,69.84,114,114,114,69.12,69.12,69.12,114,114,114,65.47,65.47,65.47,114,114,114,69.07,69.07,69.07,114,114,114,64.83,64.83,64.83,114,114,114,60.89,60.89,60.89,114,114,114,63.59,63.59,63.59,114,114,114,70.98,70.98,70.98,114,114,114,76.44,76.44,76.44,114,114,114,70.86,70.86,70.86,114,114,114,75.25,75.25,75.25,114,114,114,74.8,74.8,74.8,75.47,74.47,77.57,76.57,76.05,75.05,76.73,77.7,77.91
58,116,116,116,72.41,72.41,72.41,116,116,116,76.04,76.04,76.04,116,116,116,69.84,69.84,69.84,116,116,116,69.12,69.12,69.12,116,116,116,65.47,65.47,65.47,116,116,116,69.07,69.07,69.07,116,116,116,66.33,66.33,66.33,116,116,116,60.89,60.89,60.89,116,116,116,63.59,63.59,63.59,116,116,116,70.98,70.98,70.98,116,116,116,76.92,76.92,76.92,116,116,116,70.86,70.86,70.86,116,116,116,75.25,75.25,75.25,116,116,116,74.8,74.8,74.8,75.47,74.47,77.57,76.57,76.18,75.18,76.73,77.92,77.91
59,118,118,118,72.41,72.41,72.41,118,118,118,76.68,76.68,76.68,118,118,118,69.84,69.84,69.84,118,118,118,69.12,69.12,69.12,118,118,118,65.47,65.47,65.47,118,118,118,69.07,69.07,69.07,118,118,118,66.33,66.33,66.33,118,118,118,60.89,60.89,60.89,118,118,118,63.59,63.59,63.59,118,118,118,70.98,70.98,70.98,118,118,118,77.97,77.97,77.97,118,118,118,70.86,70.86,70.86,118,118,118,75.13,75.13,75.13,118,118,118,75.3,75.3,75.3,75.47,74.47,77.57,76.57,77.06,76.06,77.22,77.92,77.91
60,120,120,120,72.41,72.41,72.41,120,120,120,76.68,76.68,76.68,120,120,120,70.84,70.84,70.84,120,120,120,69.12,69.12,69.12,120,120,120,66.8,66.8,66.8,120,120,120,69.07,69.07,69.07,120,120,120,66.33,66.33,66.33,120,120,120,60.88,60.88,60.88,120,120,120,67.37,67.37,67.37,120,120,120,70.98,70.98,70.98,120,120,120,77.97,77.97,77.97,120,120,120,70.86,70.86,70.86,120,120,120,75.29,75.29,75.29,120,120,120,75.3,75.3,75.3,75.47,74.47,77.57,76.57,77.06,76.06,77.22,77.98,77.91
61,122,122,122,72.41,72.41,72.41,122,122,122,76.21,76.21,76.21,122,122,122,70.84,70.84,70.84,122,122,122,69.12,69.12,69.12,122,122,122,66.8,66.8,66.8,122,122,122,69.07,69.07,69.07,122,122,122,66.33,66.33,66.33,122,122,122,63.16,63.16,63.16,122,122,122,67.37,67.37,67.37,122,122,122,71.58,71.58,71.58,122,122,122,77.97,77.97,77.97,122,122,122,70.86,70.86,70.86,122,122,122,75.36,75.36,75.36,122,122,122,75.3,75.3,75.3,76.49,75.49,77.57,76.57,77.76,76.76,77.22,77.98,78.2
62,124,124,124,72.41,72.41,72.41,124,124,124,76.21,76.21,76.21,124,124,124,70.84,70.84,70.84,124,124,124,69.12,69.12,69.12,124,124,124,66.59,66.59,66.59,124,124,124,69.07,69.07,69.07,124,124,124,66.33,66.33,66.33,124,124,124,63.93,63.93,63.93,124,124,124,67.37,67.37,67.37,124,124,124,71.58,71.58,71.58,124,124,124,77.97,77.97,77.97,124,124,124,70.86,70.86,70.86,124,124,124,75.36,75.36,75.36,124,124,124,75.3,75.3,75.3,76.49,75.49,78.26,77.26,78.04,77.04,77.22,77.98,78.2
63,126,126,126,72.41,72.41,72.41,126,126,126,76.21,76.21,76.21,126,126,126,73.43,73.43,73.43,126,126,126,72.23,72.23,72.23,126,126,126,68.52,68.52,68.52,126,126,126,69.07,69.07,69.07,126,126,126,66.33,66.33,66.33,126,126,126,66.82,66.82,66.82,126,126,126,67.37,67.37,67.37,126,126,126,71.58,71.58,71.58,126,126,126,77.97,77.97,77.97,126,126,126,70.86,70.86,70.86,126,126,126,75.36,75.36,75.36,126,126,126,75.3,75.3,75.3,76.49,75.49,78.26,77.26,78.3,77.3,77.22,77.98,78.2
64,128,128,128,72.41,72.41,72.41,128,128,128,77.19,77.19,77.19,128,128,128,73.43,73.43,73.43,128,128,128,72.23,72.23,72.23,128,128,128,68.52,68.52,68.52,128,128,128,69.07,69.07,69.07,128,128,128,69.41,69.41,69.41,128,128,128,66.82,66.82,66.82,128,128,128,67.37,67.37,67.37,128,128,128,74.18,74.18,74.18,128,128,128,77.97,77.97,77.97,128,128,128,70.86,70.86,70.86,128,128,128,78.45,78.45,78.45,128,128,128,75.3,75.3,75.3,77.44,76.44,78.34,77.34,78.3,77.3,78.67,78.01,78.2
65,130,130,130,72.41,72.41,72.41,130,130,130,77.86,77.86,77.86,130,130,130,73.81,73.81,73.81,130,130,130,72.23,72.23,72.23,130,130,130,68.52,68.52,68.52,130,130,130,69.07,69.07,69.07,130,130,130,69.41,69.41,69.41,130,130,130,66.82,66.82,66.82,130,130,130,67.09,67.09,67.09,130,130,130,74.18,74.18,74.18,130,130,130,78.53,78.53,78.53,130,130,130,70.86,70.86,70.86,130,130,130,78.45,78.45,78.45,130,130,130,75.3,75.3,75.3,77.44,76.44,78.34,77.34,78.3,77.3,78.67,78.02,78.2
66,132,132,132,72.41,72.41,72.41,132,132,132,77.91,77.91,77.91,132,132,132,73.81,73.81,73.81,132,132,132,72.23,72.23,72.23,132,132,132,68.52,68.52,68.52,132,132,132,69.07,69.07,69.07,132,132,132,69.41,69.41,69.41,132,132,132,66.82,66.82,66.82,132,132,132,67.09,67.09,67.09,132,132,132,74.18,74.18,74.18,132,132,132,78.53,78.53,78.53,132,132,132,70.86,70.86,70.86,132,132,132,78.45,78.45,78.45,132,132,132,75.3,75.3,75.3,77.44,76.44,78.34,77.34,78.3,77.3,78.67,78.02,78.2
67,134,134,134,72.83,72.83,72.83,134,134,134,77.91,77.91,77.91,134,134,134,73.81,73.81,73.81,134,134,134,72.23,72.23,72.23,134,134,134,68.52,68.52,68.52,134,134,134,69.07,69.07,69.07,134,134,134,69.56,69.56,69.56,134,134,134,66.82,66.82,66.82,134,134,134,68.94,68.94,68.94,134,134,134,74.18,74.18,74.18,134,134,134,78.53,78.53,78.53,134,134,134,70.86,70.86,70.86,134,134,134,78.45,78.45,78.45,134,134,134,75.85,75.85,75.85,77.96,76.96,78.93,77.93,78.3,77.3,78.67,78.02,78.46
68,136,136,136,72.83,72.83,72.83,136,136,136,77.91,77.91,77.91,136,136,136,74.12,74.12,74.12,136,136,136,72.23,72.23,72.23,136,136,136,68.52,68.52,68.52,136,136,136,69.07,69.07,69.07,136,136,136,69.56,69.56,69.56,136,136,136,66.69,66.69,66.69,136,136,136,68.94,68.94,68.94,136,136,136,74.18,74.18,74.18,136,136,136,78.53,78.53,78.53,136,136,136,71.79,71.79,71.79,136,136,136,78.45,78.45,78.45,136,136,136,75.85,75.85,75.85,77.96,76.96,78.93,77.93,78.55,77.55,78.67,78.82,78.46
69,138,138,138,73.21,73.21,73.21,138,138,138,77.91,77.91,77.91,138,138,138,74.12,74.12,74.12,138,138,138,73.83,73.83,73.83,138,138,138,68.7,68.7,68.7,138,138,138,69.07,69.07,69.07,138,138,138,69.56,69.56,69.56,138,138,138,66.69,66.69,66.69,138,138,138,68.94,68.94,68.94,138,138,138,74.18,74.18,74.18,138,138,138,78.53,78.53,78.53,138,138,138,71.79,71.79,71.79,138,138,138,78.45,78.45,78.45,138,138,138,75.85,75.85,75.85,77.96,76.96,78.93,77.93,78.6,77.6,78.67,78.82,78.46
70,140,140,140,73.17,73.17,73.17,140,140,140,77.91,77.91,77.91,140,140,140,74.12,74.12,74.12,140,140,140,74.46,74.46,74.46,140,140,140,68.83,68.83,68.83,140,140,140,69.07,69.07,69.07,140,140,140,69.56,69.56,69.56,140,140,140,66.69,66.69,66.69,140,140,140,68.94,68.94,68.94,140,140,140,74.18,74.18,74.18,140,140,140,78.53,78.53,78.53,140,140,140,71.79,71.79,71.79,140,140,140,78.45,78.45,78.45,140,140,140,75.85,75.85,75.85,77.96,76.96,78.93,77.93,78.6,77.6,78.67,78.82,78.52
71,142,142,142,73.17,73.17,73.17,142,142,142,77.91,77.91,77.91,142,142,142,74.12,74.12,74.12,142,142,142,73.46,73.46,73.46,142,142,142,68.83,68.83,68.83,142,142,142,69.07,69.07,69.07,142,142,142,69.56,69.56,69.56,142,142,142,66.69,66.69,66.69,142,142,142,68.94,68.94,68.94,142,142,142,74.18,74.18,74.18,142,142,142,78.53,78.53,78.53,142,142,142,71.79,71.79,71.79,142,142,142,78.45,78.45,78.45,142,142,142,77.05,77.05,77.05,77.96,76.96,78.93,77.93,78.6,77.6,78.78,78.82,78.52
72,144,144,144,73.17,73.17,73.17,144,144,144,77.91,77.91,77.91,144,144,144,74.12,74.12,74.12,144,144,144,73.46,73.46,73.46,144,144,144,68.83,68.83,68.83,144,144,144,69.07,69.07,69.07,144,144,144,69.56,69.56,69.56,144,144,144,66.69,66.69,66.69,144,144,144,68.94,68.94,68.94,144,144,144,74.18,74.18,74.18,144,144,144,78.35,78.35,78.35,144,144,144,71.79,71.79,71.79,144,144,144,78.45,78.45,78.45,144,144,144,76.61,76.61,76.61,77.96,76.96,78.98,77.98,78.75,77.75,78.98,78.82,78.52
73,146,146,146,73.17,73.17,73.17,146,146,146,78.99,78.99,78.99,146,146,146,74.12,74.12,74.12,146,146,146,73.46,73.46,73.46,146,146,146,70.95,70.95,70.95,146,146,146,69.07,69.07,69.07,146,146,146,69.56,69.56,69.56,146,146,146,68.24,68.24,68.24,146,146,146,68.94,68.94,68.94,146,146,146,74.18,74.18,74.18,146,146,146,78.35,78.35,78.35,146,146,146,71.79,71.79,71.79,146,146,146,78.45,78.45,78.45,146,146,146,76.61,76.61,76.61,77.96,76.96,78.98,77.98,78.75,77.75,78.98,78.82,79.08
74,148,148,148,73.98,73.98,73.98,148,148,148,78.99,78.99,78.99,148,148,148,74.5,74.5,74.5,148,148,148,73.46,73.46,73.46,148,148,148,70.95,70.95,70.95,148,148,148,69.07,69.07,69.07,148,148,148,69.56,69.56,69.56,148,148,148,68.24,68.24,68.24,148,148,148,68.94,68.94,68.94,148,148,148,74.18,74.18,74.18,148,148,148,78.35,78.35,78.35,148,148,148,72.93,72.93,72.93,148,148,148,78.45,78.45,78.45,148,148,148,76.61,76.61,76.61,77.96,76.96,78.98,77.98,78.75,77.75,78.98,78.82,79.08
75,150,150,150,73.98,73.98,73.98,150,150,150,78.99,78.99,78.99,150,150,150,74.5,74.5,74.5,150,150,150,75.19,75.19,75.19,150,150,150,70.95,70.95,70.95,150,150,150,69.85,69.85,69.85,150,150,150,69.56,69.56,69.56,150,150,150,68.24,68.24,68.24,150,150,150,68.69,68.69,68.69,150,150,150,74.27,74.27,74.27,150,150,150,78.35,78.35,78.35,150,150,150,73.66,73.66,73.66,150,150,150,78.45,78.45,78.45,150,150,150,76.61,76.61,76.61,77.96,76.96,79.16,78.16,78.75,77.75,78.98,78.82,79.08
76,152,152,152,73.98,73.98,73.98,152,152,152,78.99,78.99,78.99,152,152,152,75.37,75.37,75.37,152,152,152,75.19,75.19,75.19,152,152,152,70.95,70.95,70.95,152,152,152,69.85,69.85,69.85,152,152,152,69.56,69.56,69.56,152,152,152,68.24,68.24,68.24,152,152,152,68.69,68.69,68.69,152,152,152,74.27,74.27,74.27,152,152,152,78.35,78.35,78.35,152,152,152,73.66,73.66,73.66,152,152,152,78.45,78.45,78.45,152,152,152,76.61,76.61,76.61,77.96,76.96,79.16,78.16,78.75,77.75,78.98,78.82,79.08
77,154,154,154,73.98,73.98,73.98,154,154,154,78.99,78.99,78.99,154,154,154,75.37,75.37,75.37,154,154,154,75.19,75.19,75.19,154,154,154,70.95,70.95,70.95,154,154,154,69.85,69.85,69.85,154,154,154,69.56,69.56,69.56,154,154,154,68.57,68.57,68.57,154,154,154,68.69,68.69,68.69,154,154,154,74.27,74.27,74.27,154,154,154,78.35,78.35,78.35,154,154,154,73.66,73.66,73.66,154,154,154,78.45,78.45,78.45,154,154,154,77.57,77.57,77.57,78.09,77.09,79.16,78.16,78.75,77.75,78.98,78.89,79.08
78,156,156,156,73.98,73.98,73.98,156,156,156,78.99,78.99,78.99,156,156,156,75.37,75.37,75.37,156,156,156,75.19,75.19,75.19,156,156,156,70.95,70.95,70.95,156,156,156,69.85,69.85,69.85,156,156,156,69.56,69.56,69.56,156,156,156,68.57,68.57,68.57,156,156,156,68.69,68.69,68.69,156,156,156,74.27,74.27,74.27,156,156,156,78.35,78.35,78.35,156,156,156,73.66,73.66,73.66,156,156,156,78.45,78.45,78.45,156,156,156,77.57,77.57,77.57,78.09,77.09,79.16,78.16,78.75,77.75,78.98,78.89,79.08
79,158,158,158,74.65,74.65,74.65,158,158,158,78.99,78.99,78.99,158,158,158,75.13,75.13,75.13,158,158,158,75.19,75.19,75.19,158,158,158,70.72,70.72,70.72,158,158,158,69.85,69.85,69.85,158,158,158,69.56,69.56,69.56,158,158,158,68.57,68.57,68.57,158,158,158,68.69,68.69,68.69,158,158,158,74.27,74.27,74.27,158,158,158,78.57,78.57,78.57,158,158,158,73.66,73.66,73.66,158,158,158,78.45,78.45,78.45,158,158,158,77.57,77.57,77.57,78.09,77.09,79.16,78.16,79.21,78.21,79.3,78.89,79.08
80,160,160,160,74.65,74.65,74.65,160,160,160,78.99,78.99,78.99,160,160,160,75.13,75.13,75.13,160,160,160,75.19,75.19,75.19,160,160,160,70.72,70.72,70.72,160,160,160,69.85,69.85,69.85,160,160,160,69.56,69.56,69.56,160,160,160,68.57,68.57,68.57,160,160,160,68.69,68.69,68.69,160,160,160,74.27,74.27,74.27,160,160,160,78.57,78.57,78.57,160,160,160,74.36,74.36,74.36,160,160,160,78.45,78.45,78.45,160,160,160,77.57,77.57,77.57,78.09,77.09,79.16,78.16,79.21,78.21,79.3,78.89,79.08
81,162,162,162,74.65,74.65,74.65,162,162,162,78.99,78.99,78.99,162,162,162,75.13,75.13,75.13,162,162,162,75.19,75.19,75.19,162,162,162,70.72,70.72,70.72,162,162,162,69.85,69.85,69.85,162,162,162,69.56,69.56,69.56,162,162,162,68.57,68.57,68.57,162,162,162,68.69,68.69,68.69,162,162,162,74.74,74.74,74.74,162,162,162,78.57,78.57,78.57,162,162,162,74.36,74.36,74.36,162,162,162,78.45,78.45,78.45,162,162,162,77.57,77.57,77.57,78.09,77.09,79.42,78.42,79.21,78.21,79.3,78.89,79.08
82,164,164,164,74.65,74.65,74.65,164,164,164,78.99,78.99,78.99,164,164,164,75.13,75.13,75.13,164,164,164,75.41,75.41,75.41,164,164,164,70.72,70.72,70.72,164,164,164,69.85,69.85,69.85,164,164,164,71.04,71.04,71.04,164,164,164,68.57,68.57,68.57,164,164,164,68.69,68.69,68.69,164,164,164,74.74,74.74,74.74,164,164,164,78.57,78.57,78.57,164,164,164,74.36,74.36,74.36,164,164,164,78.45,78.45,78.45,164,164,164,77.57,77.57,77.57,78.55,77.55,79.42,78.42,79.21,78.21,79.3,78.89,79.08
83,166,166,166,74.62,74.62,74.62,166,166,166,78.99,78.99,78.99,166,166,166,75.13,75.13,75.13,166,166,166,75.41,75.41,75.41,166,166,166,71.71,71.71,71.71,166,166,166,69.85,69.85,69.85,166,166,166,71.04,71.04,71.04,166,166,166,68.57,68.57,68.57,166,166,166,68.69,68.69,68.69,166,166,166,75.92,75.92,75.92,166,166,166,78.57,78.57,78.57,166,166,166,74.36,74.36,74.36,166,166,166,78.45,78.45,78.45,166,166,166,77.57,77.57,77.57,78.55,77.55,79.42,78.42,79.21,78.21,79.46,78.97,79.14
84,168,168,168,74.62,74.62,74.62,168,168,168,78.99,78.99,78.99,168,168,168,75.13,75.13,75.13,168,168,168,75.41,75.41,75.41,168,168,168,71.71,71.71,71.71,168,168,168,69.85,69.85,69.85,168,168,168,71.04,71.04,71.04,168,168,168,68.57,68.57,68.57,168,168,168,68.69,68.69,68.69,168,168,168,75.92,75.92,75.92,168,168,168,78.58,78.58,78.58,168,168,168,74.36,74.36,74.36,168,168,168,78.45,78.45,78.45,168,168,168,77.57,77.57,77.57,78.55,77.55,79.42,78.42,79.21,78.21,79.46,78.97,79.14
85,170,170,170,74.62,74.62,74.62,170,170,170,78.99,78.99,78.99,170,170,170,75.13,75.13,75.13,170,170,170,75.41,75.41,75.41,170,170,170,72.44,72.44,72.44,170,170,170,69.85,69.85,69.85,170,170,170,71.04,71.04,71.04,170,170,170,71.51,71.51,71.51,170,170,170,68.69,68.69,68.69,170,170,170,75.92,75.92,75.92,170,170,170,78.58,78.58,78.58,170,170,170,74.36,74.36,74.36,170,170,170,78.45,78.45,78.45,170,170,170,77.57,77.57,77.57,78.55,77.55,79.42,78.42,79.21,78.21,79.46,78.97,79.14
86,172,172,172,74.62,74.62,74.62,172,172,172,78.99,78.99,78.99,172,172,172,75.13,75.13,75.13,172,172,172,75.41,75.41,75.41,172,172,172,73.26,73.26,73.26,172,172,172,69.85,69.85,69.85,172,172,172,71.04,71.04,71.04,172,172,172,71.51,71.51,71.51,172,172,172,68.69,68.69,68.69,172,172,172,75.92,75.92,75.92,172,172,172,78,78,78,172,172,172,74.01,74.01,74.01,172,172,172,78.45,78.45,78.45,172,172,172,77.57,77.57,77.57,78.55,77.55,79.53,78.53,79.21,78.21,79.46,79.58,79.25
87,174,174,174,74.62,74.62,74.62,174,174,174,78.99,78.99,78.99,174,174,174,75.13,75.13,75.13,174,174,174,75.41,75.41,75.41,174,174,174,72.16,72.16,72.16,174,174,174,69.91,69.91,69.91,174,174,174,71.04,71.04,71.04,174,174,174,71.51,71.51,71.51,174,174,174,68.69,68.69,68.69,174,174,174,75.92,75.92,75.92,174,174,174,78.63,78.63,78.63,174,174,174,74.02,74.02,74.02,174,174,174,78.45,78.45,78.45,174,174,174,77.57,77.57,77.57,78.55,77.55,79.53,78.53,79.21,78.21,79.46,79.65,79.33
88,176,176,176,74.62,74.62,74.62,176,176,176,78.99,78.99,78.99,176,176,176,75.13,75.13,75.13,176,176,176,75.41,75.41,75.41,176,176,176,73.09,73.09,73.09,176,176,176,69.91,69.91,69.91,176,176,176,71.04,71.04,71.04,176,176,176,71.51,71.51,71.51,176,176,176,69.84,69.84,69.84,176,176,176,75.92,75.92,75.92,176,176,176,78.63,78.63,78.63,176,176,176,75.39,75.39,75.39,176,176,176,78.45,78.45,78.45,176,176,176,77.57,77.57,77.57,78.55,77.55,79.53,78.53,79.3,78.3,79.46,79.65,79.37
89,178,178,178,74.62,74.62,74.62,178,178,178,78.99,78.99,78.99,178,178,178,75.13,75.13,75.13,178,178,178,75.41,75.41,75.41,178,178,178,73.09,73.09,73.09,178,178,178,69.85,69.85,69.85,178,178,178,71.04,71.04,71.04,178,178,178,71.51,71.51,71.51,178,178,178,69.84,69.84,69.84,178,178,178,75.92,75.92,75.92,178,178,178,78.63,78.63,78.63,178,178,178,75.39,75.39,75.39,178,178,178,78.45,78.45,78.45,178,178,178,77.57,77.57,77.57,78.55,77.55,79.53,78.53,79.3,78.3,79.46,79.89,79.37
90,180,180,180,74.93,74.93,74.93,180,180,180,78.99,78.99,78.99,180,180,180,75.13,75.13,75.13,180,180,180,75.41,75.41,75.41,180,180,180,73.09,73.09,73.09,180,180,180,72.07,72.07,72.07,180,180,180,71.04,71.04,71.04,180,180,180,71.51,71.51,71.51,180,180,180,69.84,69.84,69.84,180,180,180,75.92,75.92,75.92,180,180,180,78.63,78.63,78.63,180,180,180,75.39,75.39,75.39,180,180,180,78.45,78.45,78.45,180,180,180,77.57,77.57,77.57,78.55,77.55,79.53,78.53,79.3,78.3,79.46,79.89,79.37
91,182,182,182,76.95,76.95,76.95,182,182,182,78.99,78.99,78.99,182,182,182,75.13,75.13,75.13,182,182,182,75.41,75.41,75.41,182,182,182,73.09,73.09,73.09,182,182,182,72.07,72.07,72.07,182,182,182,71.04,71.04,71.04,182,182,182,71.51,71.51,71.51,182,182,182,69.84,69.84,69.84,182,182,182,75.92,75.92,75.92,182,182,182,78.63,78.63,78.63,182,182,182,75.39,75.39,75.39,182,182,182,78.45,78.45,78.45,182,182,182,77.57,77.57,77.57,79.01,78.01,80.18,79.18,80.61,79.61,79.46,79.89,79.37
92,184,184,184,76.95,76.95,76.95,184,184,184,78.99,78.99,78.99,184,184,184,75.13,75.13,75.13,184,184,184,75.57,75.57,75.57,184,184,184,73.19,73.19,73.19,184,184,184,72.07,72.07,72.07,184,184,184,71.04,71.04,71.04,184,184,184,71.51,71.51,71.51,184,184,184,69.84,69.84,69.84,184,184,184,75.92,75.92,75.92,184,184,184,78.63,78.63,78.63,184,184,184,75.39,75.39,75.39,184,184,184,78.45,78.45,78.45,184,184,184,77.57,77.57,77.57,79.01,78.01,80.18,79.18,80.61,79.61,79.46,79.89,79.37
93,186,186,186,76.95,76.95,76.95,186,186,186,78.99,78.99,78.99,186,186,186,75.13,75.13,75.13,186,186,186,75.57,75.57,75.57,186,186,186,74.31,74.31,74.31,186,186,186,72.07,72.07,72.07,186,186,186,71.04,71.04,71.04,186,186,186,71.51,71.51,71.51,186,186,186,71.51,71.51,71.51,186,186,186,75.92,75.92,75.92,186,186,186,78.63,78.63,78.63,186,186,186,75.39,75.39,75.39,186,186,186,78.45,78.45,78.45,186,186,186,77.57,77.57,77.57,79.01,78.01,80.18,79.18,80.61,79.61,79.46,79.89,79.37
94,188,188,188,76.95,76.95,76.95,188,188,188,78.99,78.99,78.99,188,188,188,75.13,75.13,75.13,188,188,188,75.57,75.57,75.57,188,188,188,74.31,74.31,74.31,188,188,188,72.07,72.07,72.07,188,188,188,71.04,71.04,71.04,188,188,188,71.51,71.51,71.51,188,188,188,71.51,71.51,71.51,188,188,188,75.92,75.92,75.92,188,188,188,78.63,78.63,78.63,188,188,188,75.82,75.82,75.82,188,188,188,78.45,78.45,78.45,188,188,188,77.97,77.97,77.97,79.01,78.01,80.18,79.18,80.61,79.61,79.46,79.89,79.37
95,190,190,190,76.95,76.95,76.95,190,190,190,78.99,78.99,78.99,190,190,190,76.28,76.28,76.28,190,190,190,75.57,75.57,75.57,190,190,190,74.31,74.31,74.31,190,190,190,72.07,72.07,72.07,190,190,190,71.83,71.83,71.83,190,190,190,71.51,71.51,71.51,190,190,190,71.51,71.51,71.51,190,190,190,75.97,75.97,75.97,190,190,190,78.93,78.93,78.93,190,190,190,75.82,75.82,75.82,190,190,190,78.45,78.45,78.45,190,190,190,78.4,78.4,78.4,81.18,80.18,80.18,79.18,80.61,79.61,79.46,80.01,79.37
96,192,192,192,76.95,76.95,76.95,192,192,192,78.99,78.99,78.99,192,192,192,76.28,76.28,76.28,192,192,192,75.57,75.57,75.57,192,192,192,74.31,74.31,74.31,192,192,192,72.07,72.07,72.07,192,192,192,71.83,71.83,71.83,192,192,192,71.51,71.51,71.51,192,192,192,72.17,72.17,72.17,192,192,192,75.97,75.97,75.97,192,192,192,78.93,78.93,78.93,192,192,192,76.02,76.02,76.02,192,192,192,78.45,78.45,78.45,192,192,192,78.4,78.4,78.4,81.18,80.18,81.52,80.52,81.63,80.63,79.63,80.01,79.37
97,194,194,194,76.95,76.95,76.95,194,194,194,78.99,78.99,78.99,194,194,194,76.28,76.28,76.28,194,194,194,75.57,75.57,75.57,194,194,194,74.31,74.31,74.31,194,194,194,72.07,72.07,72.07,194,194,194,71.83,71.83,71.83,194,194,194,71.51,71.51,71.51,194,194,194,72.17,72.17,72.17,194,194,194,76.11,76.11,76.11,194,194,194,78.93,78.93,78.93,194,194,194,76.02,76.02,76.02,194,194,194,78.45,78.45,78.45,194,194,194,78.4,78.4,78.4,81.18,80.18,81.52,80.52,81.63,80.63,79.63,80.01,79.37
98,196,196,196,76.95,76.95,76.95,196,196,196,78.99,78.99,78.99,196,196,196,77.61,77.61,77.61,196,196,196,75.57,75.57,75.57,196,196,196,74.31,74.31,74.31,196,196,196,73.11,73.11,73.11,196,196,196,73.01,73.01,73.01,196,196,196,71.51,71.51,71.51,196,196,196,72.17,72.17,72.17,196,196,196,76.11,76.11,76.11,196,196,196,78.93,78.93,78.93,196,196,196,76.02,76.02,76.02,196,196,196,78.83,78.83,78.83,196,196,196,78.4,78.4,78.4,81.18,80.18,81.52,80.52,81.63,80.63,79.63,80.01,79.69
99,198,198,198,77.21,77.21,77.21,198,198,198,78.99,78.99,78.99,198,198,198,77.61,77.61,77.61,198,198,198,76.77,76.77,76.77,198,198,198,74.31,74.31,74.31,198,198,198,73.88,73.88,73.88,198,198,198,73.01,73.01,73.01,198,198,198,71.51,71.51,71.51,198,198,198,72.17,72.17,72.17,198,198,198,76.11,76.11,76.11,198,198,198,78.93,78.93,78.93,198,198,198,76.02,76.02,76.02,198,198,198,78.83,78.83,78.83,198,198,198,78.4,78.4,78.4,81.18,80.18,81.52,80.52,81.63,80.63,79.97,80.01,79.69
100,200,200,200,77.21,77.21,77.21,200,200,200,79.11,79.11,79.11,200,200,200,77.61,77.61,77.61,200,200,200,76.77,76.77,76.77,200,200,200,74.31,74.31,74.31,200,200,200,74.11,74.11,74.11,200,200,200,73.01,73.01,73.01,200,200,200,71.51,71.51,71.51,200,200,200,72.17,72.17,72.17,200,200,200,76.11,76.11,76.11,200,200,200,78.93,78.93,78.93,200,200,200,76.02,76.02,76.02,200,200,200,78.83,78.83,78.83,200,200,200,78.4,78.4,78.4,81.18,80.18,81.52,80.52,81.63,80.63,79.97,80.01,79.69